batch,loss,size
0,0.26441967,8
1,0.2727113,8
2,0.19322452,8
3,0.15508468,8
4,0.1908897,8
5,0.13753566,8
6,0.120620176,8
7,0.13410832,8
8,0.08724344,8
9,0.12281468,8
10,0.08156904,8
11,0.07570231,8
12,0.103634305,8
13,0.09092152,8
14,0.059296876,8
15,0.06721145,8
16,0.08460566,8
17,0.097616605,8
18,0.07052914,8
19,0.09760783,8
20,0.08296544,8
21,0.058397204,8
22,0.08172591,8
23,0.047988825,8
24,0.0858713,8
25,0.061026674,8
26,0.08708085,8
27,0.08136331,8
28,0.07445796,8
29,0.07650666,8
30,0.047677763,8
31,0.08612135,8
32,0.048118636,8
33,0.064207844,8
34,0.07017722,8
35,0.07415895,8
36,0.064443,8
37,0.08419862,8
38,0.05393365,8
39,0.041832402,8
40,0.049873598,8
41,0.05723331,8
42,0.05839003,8
43,0.056860514,8
44,0.04236975,8
45,0.053101066,8
46,0.050551828,8
47,0.0451212,8
48,0.06885927,8
49,0.052581593,8
50,0.08305643,8
51,0.07988956,8
52,0.052641936,8
53,0.056717075,8
54,0.035677884,8
55,0.03851891,8
56,0.04219691,8
57,0.05579955,8
58,0.049604986,8
59,0.04533685,8
60,0.036529034,8
61,0.04393972,8
62,0.035707664,8
63,0.030302199,8
64,0.04652071,8
65,0.047637414,8
66,0.043610454,8
67,0.042933725,8
68,0.04919472,8
69,0.028615177,8
70,0.03180865,8
71,0.044209536,8
72,0.04423431,8
73,0.038141448,8
74,0.047820512,8
75,0.040098332,8
76,0.05058972,8
77,0.03767356,8
78,0.058898017,8
79,0.027692365,8
80,0.031539667,8
81,0.052148636,8
82,0.04738877,8
83,0.030831426,8
84,0.04185313,8
85,0.039581615,8
86,0.083757974,8
87,0.035312198,8
88,0.046090707,8
89,0.06434477,8
90,0.05177762,8
91,0.067501314,8
92,0.066558234,8
93,0.042153563,8
94,0.046030182,8
95,0.050816253,8
96,0.07199037,8
97,0.04123766,8
98,0.04244861,8
99,0.04483455,8
100,0.039026156,8
101,0.023333315,8
102,0.04434525,8
103,0.041763015,8
104,0.04356343,8
105,0.024131073,8
106,0.03732911,8
107,0.034518156,8
108,0.030007727,8
109,0.044803794,8
110,0.025471251,8
111,0.038774777,8
112,0.03379265,8
113,0.03265666,8
114,0.044497,8
115,0.032020696,8
116,0.05298925,8
117,0.036780935,8
118,0.035853256,8
119,0.03505699,8
120,0.036872398,8
121,0.02019795,8
122,0.042467877,8
123,0.038592078,8
124,0.03365971,8
125,0.034911435,8
126,0.057968073,8
127,0.029548345,8
128,0.040001538,8
129,0.070684284,8
130,0.035462458,8
131,0.04437433,8
132,0.04054417,8
133,0.0466102,8
134,0.047956716,8
135,0.04240646,8
136,0.038565964,8
137,0.028109036,8
138,0.023468055,8
139,0.03764191,8
140,0.035711274,8
141,0.036658127,8
142,0.027442332,8
143,0.026087329,8
144,0.031810876,8
145,0.02933252,8
146,0.06832776,8
147,0.02984068,8
148,0.026414318,8
149,0.036473125,8
150,0.028032495,8
151,0.02141264,8
152,0.031360436,8
153,0.034955572,8
154,0.034802724,8
155,0.022602087,8
156,0.049158104,8
157,0.053791746,8
158,0.030486824,8
159,0.024961514,8
160,0.026054984,8
161,0.06440627,8
162,0.037867125,8
163,0.02851894,8
164,0.024579965,8
165,0.03485939,8
166,0.028801821,8
167,0.031490784,8
168,0.030297607,8
169,0.043160737,8
170,0.041042708,8
171,0.04584693,8
172,0.024320584,8
173,0.058598775,8
174,0.04301093,8
175,0.019309226,8
176,0.027647974,8
177,0.052888583,8
178,0.04481247,8
179,0.04847837,8
180,0.030973602,8
181,0.031032246,8
182,0.042940434,8
183,0.032772314,8
184,0.02583025,8
185,0.029252911,8
186,0.026274225,8
187,0.041314755,8
188,0.028275387,8
189,0.057585236,8
190,0.029980933,8
191,0.057994276,8
192,0.036823526,8
193,0.022999994,8
194,0.03103696,8
195,0.025380798,8
196,0.035788294,8
197,0.032117777,8
198,0.028439159,8
199,0.03342239,8
200,0.03662767,8
201,0.039371397,8
202,0.04139209,8
203,0.05976374,8
204,0.031365074,8
205,0.03580575,8
206,0.023855297,8
207,0.039163657,8
208,0.03368865,8
209,0.029020363,8
210,0.032575857,8
211,0.031272687,8
212,0.036919747,8
213,0.039751243,8
214,0.023412522,8
215,0.03691836,8
216,0.027312975,8
217,0.028595071,8
218,0.026410853,8
219,0.039708793,8
220,0.019718977,8
221,0.039278854,8
222,0.021448243,8
223,0.032407176,8
224,0.047929816,8
225,0.045046985,8
226,0.025938133,8
227,0.04645961,8
228,0.024866575,8
229,0.050393224,8
230,0.0304649,8
231,0.05289738,8
232,0.06049151,8
233,0.029498331,8
234,0.04084323,8
235,0.03914804,8
236,0.027644534,8
237,0.028247682,8
238,0.027771736,8
239,0.02537421,8
240,0.040401127,8
241,0.027917873,8
242,0.030804181,8
243,0.04492022,8
244,0.021159593,8
245,0.04087796,8
246,0.02542077,8
247,0.028974613,8
248,0.028103892,8
249,0.046195358,8
250,0.023315046,8
251,0.030059213,8
252,0.024232106,8
253,0.02025903,8
254,0.029596137,8
255,0.03521587,8
256,0.034640457,8
257,0.032581627,8
258,0.03494328,8
259,0.04576008,8
260,0.03414417,8
261,0.020559186,8
262,0.044421215,8
263,0.04641157,8
264,0.04142657,8
265,0.04349191,8
266,0.030247537,8
267,0.03135563,8
268,0.02610341,8
269,0.029343072,8
270,0.025876677,8
271,0.030870048,8
272,0.018701825,8
273,0.03443307,8
274,0.037701484,8
275,0.05470128,8
276,0.02992219,8
277,0.036473237,8
278,0.046194058,8
279,0.025389561,8
280,0.028528912,8
281,0.029845592,8
282,0.022898162,8
283,0.026873363,8
284,0.035443522,8
285,0.036516204,8
286,0.033211313,8
287,0.028405463,8
288,0.023167696,8
289,0.026960053,8
290,0.035569593,8
291,0.033369068,8
292,0.031718362,8
293,0.026864337,8
294,0.036225516,8
295,0.028283568,8
296,0.033074044,8
297,0.028724808,8
298,0.044297773,8
299,0.018964265,8
300,0.01769884,8
301,0.018274786,8
302,0.0455226,8
303,0.041118946,8
304,0.019576073,8
305,0.029456079,8
306,0.03315779,8
307,0.030670667,8
308,0.055334426,8
309,0.0545806,8
310,0.022659926,8
311,0.02190313,8
312,0.021985581,8
313,0.02090507,8
314,0.023980472,8
315,0.02729225,8
316,0.03162784,8
317,0.025526708,8
318,0.034824982,8
319,0.03279096,8
320,0.05773698,8
321,0.033944458,8
322,0.035425793,8
323,0.022487396,8
324,0.044315446,8
325,0.04006077,8
326,0.02022835,8
327,0.038489144,8
328,0.037307113,8
329,0.03192689,8
330,0.042217433,8
331,0.01746504,8
332,0.03420985,8
333,0.043643862,8
334,0.037489027,8
335,0.04040423,8
336,0.033472043,8
337,0.036973614,8
338,0.019262524,8
339,0.047517914,8
340,0.02327029,8
341,0.039658602,8
342,0.019700704,8
343,0.049209088,8
344,0.03176791,8
345,0.028813774,8
346,0.022893908,8
347,0.027188959,8
348,0.029320812,8
349,0.030261263,8
350,0.025789764,8
351,0.030493459,8
352,0.058063205,8
353,0.037512843,8
354,0.029215157,8
355,0.044408076,8
356,0.031747296,8
357,0.028565863,8
358,0.02341095,8
359,0.02626384,8
360,0.03573166,8
361,0.030371765,8
362,0.031997316,8
363,0.04260699,8
364,0.023824304,8
365,0.0405746,8
366,0.021542188,8
367,0.040004555,8
368,0.055233996,8
369,0.018368471,8
370,0.018039498,8
371,0.045000676,8
372,0.027699465,8
373,0.033783846,8
374,0.032236416,8
375,0.033233676,8
376,0.047112077,8
377,0.025460301,8
378,0.041965242,8
379,0.031656604,8
380,0.024659233,8
381,0.032945577,8
382,0.023478655,8
383,0.03597892,8
384,0.02593292,8
385,0.03012807,8
386,0.03327384,8
387,0.03241675,8
388,0.020774934,8
389,0.030404659,8
390,0.01987636,8
391,0.030311245,8
392,0.040416654,8
393,0.021785438,8
394,0.049539704,8
395,0.034728333,8
396,0.042408902,8
397,0.02983422,8
398,0.037705433,8
399,0.04201857,8
400,0.038167424,8
401,0.045773625,8
402,0.021485547,8
403,0.030057522,8
404,0.03537189,8
405,0.034521453,8
406,0.029628823,8
407,0.034702636,8
408,0.035464097,8
409,0.024606155,8
410,0.035612505,8
411,0.040704522,8
412,0.031860597,8
413,0.030476442,8
414,0.041243892,8
415,0.033437274,8
416,0.018512515,8
417,0.029157462,8
418,0.026495423,8
419,0.018972907,8
420,0.023533406,8
421,0.029418437,8
422,0.036393628,8
423,0.02648324,8
424,0.027605655,8
425,0.029669039,8
426,0.02391308,8
427,0.04024759,8
428,0.033931937,8
429,0.021463921,8
430,0.021911915,8
431,0.03384665,8
432,0.029115994,8
433,0.024005782,8
434,0.025898587,8
435,0.037483577,8
436,0.02781301,8
437,0.022038136,8
438,0.05334527,8
439,0.050999448,8
440,0.045478214,8
441,0.026474,8
442,0.027912194,8
443,0.02837189,8
444,0.050545618,8
445,0.03047143,8
446,0.021884149,8
447,0.05057832,8
448,0.023741439,8
449,0.029976275,8
450,0.035708647,8
451,0.029069345,8
452,0.022542363,8
453,0.020708706,8
454,0.028609212,8
455,0.017540129,8
456,0.02271544,8
457,0.03277821,8
458,0.018082518,8
459,0.023537833,8
460,0.029461728,8
461,0.016890734,8
462,0.045579102,8
463,0.037484534,8
464,0.028498592,8
465,0.03069083,8
466,0.026194388,8
467,0.021496758,8
468,0.032354973,8
469,0.02303587,8
470,0.024648894,8
471,0.03438836,8
472,0.029904298,8
473,0.03591578,8
474,0.03550428,8
475,0.031572137,8
476,0.02824242,8
477,0.03523206,8
478,0.042085387,8
479,0.037373424,8
480,0.04180013,8
481,0.025217509,8
482,0.025840767,8
483,0.030592851,8
484,0.036352027,8
485,0.035656676,8
486,0.02343119,8
487,0.029408656,8
488,0.018152198,8
489,0.026807308,8
490,0.024473578,8
491,0.037307397,8
492,0.021254618,8
493,0.01733119,8
494,0.02342276,8
495,0.025897842,8
496,0.020896584,8
497,0.025907394,8
498,0.02520564,8
499,0.036467988,8
500,0.024691278,8
501,0.033809908,8
502,0.034853593,8
503,0.031076703,8
504,0.03407952,8
505,0.03053519,8
506,0.030812014,8
507,0.047677428,8
508,0.023570178,8
509,0.03618016,8
510,0.031276204,8
511,0.037518103,8
512,0.030918028,8
513,0.0446833,8
514,0.031016946,8
515,0.0399435,8
516,0.025421651,8
517,0.03379131,8
518,0.031473145,8
519,0.039948333,8
520,0.03831636,8
521,0.038007453,8
522,0.028797284,8
523,0.03255687,8
524,0.018369798,8
525,0.03338555,8
526,0.032239098,8
527,0.029328994,8
528,0.03239757,8
529,0.035702653,8
530,0.028108375,8
531,0.018116087,8
532,0.017792141,8
533,0.037584133,8
534,0.0277339,8
535,0.028697552,8
536,0.0402925,8
537,0.02737328,8
538,0.041170646,8
539,0.036993403,8
540,0.033392914,8
541,0.048053496,8
542,0.027257787,8
543,0.024097117,8
544,0.02386648,8
545,0.021046642,8
546,0.036992464,8
547,0.028901124,8
548,0.03201073,8
549,0.027170982,8
550,0.035201948,8
551,0.037642147,8
552,0.029899385,8
553,0.022035057,8
554,0.022527607,8
555,0.072518304,8
556,0.027887186,8
557,0.031067243,8
558,0.020622844,8
559,0.030981062,8
560,0.032142643,8
561,0.029389732,8
562,0.033327997,8
563,0.01859877,8
564,0.03301468,8
565,0.03765652,8
566,0.025790565,8
567,0.02537292,8
568,0.028650032,8
569,0.029236602,8
570,0.018881265,8
571,0.03012898,8
572,0.022515925,8
573,0.02234392,8
574,0.020090701,8
575,0.027761394,8
576,0.026075464,8
577,0.023802022,8
578,0.025364101,8
579,0.027738377,8
580,0.018304309,8
581,0.018378554,8
582,0.02640571,8
583,0.059461962,8
584,0.015705772,8
585,0.021907452,8
586,0.029357567,8
587,0.036125436,8
588,0.03532854,8
589,0.026844261,8
590,0.018707704,8
591,0.030241737,8
592,0.024669735,8
593,0.015340781,8
594,0.032259524,8
595,0.027959675,8
596,0.03308637,8
597,0.040046908,8
598,0.02810537,8
599,0.0328663,8
600,0.02214228,8
601,0.017162815,8
602,0.035078287,8
603,0.020881819,8
604,0.036497146,8
605,0.025983265,8
606,0.020397358,8
607,0.022338271,8
608,0.05053727,8
609,0.03723353,8
610,0.025241438,8
611,0.035558302,8
612,0.039148513,8
613,0.02637625,8
614,0.038494363,8
615,0.024435075,8
616,0.0517877,8
617,0.021092981,8
618,0.037811365,8
619,0.02158208,8
620,0.024718987,8
621,0.045371268,8
622,0.031095404,8
623,0.023540476,8
624,0.032216184,8
625,0.01919627,8
626,0.021291753,8
627,0.046732277,8
628,0.029235207,8
629,0.03231577,8
630,0.037313893,8
631,0.024304466,8
632,0.025120484,8
633,0.03105229,8
634,0.034458935,8
635,0.035148032,8
636,0.028834555,8
637,0.044637036,8
638,0.024072303,8
639,0.026397021,8
640,0.028976718,8
641,0.035420075,8
642,0.033601858,8
643,0.024156703,8
644,0.020636596,8
645,0.027833331,8
646,0.029126827,8
647,0.027709985,8
648,0.027018055,8
649,0.026313564,8
650,0.022593074,8
651,0.020317698,8
652,0.025528783,8
653,0.022592464,8
654,0.027498703,8
655,0.04242243,8
656,0.019459113,8
657,0.029533176,8
658,0.021818997,8
659,0.03406706,8
660,0.023100406,8
661,0.04833741,8
662,0.032663114,8
663,0.037841644,8
664,0.022280686,8
665,0.02260423,8
666,0.036551174,8
667,0.035228703,8
668,0.038209654,8
669,0.02766507,8
670,0.034694303,8
671,0.03415208,8
672,0.021431563,8
673,0.025999032,8
674,0.034465905,8
675,0.0199046,8
676,0.06589868,8
677,0.02003887,8
678,0.026612489,8
679,0.031731702,8
680,0.03125897,8
681,0.024041919,8
682,0.03595815,8
683,0.02908494,8
684,0.024411036,8
685,0.02560034,8
686,0.020633254,8
687,0.027065026,8
688,0.022218078,8
689,0.027847318,8
690,0.037213407,8
691,0.023286927,8
692,0.040321857,8
693,0.021826643,8
694,0.036194846,8
695,0.022132916,8
696,0.016604222,8
697,0.022226188,8
698,0.023882825,8
699,0.02598971,8
700,0.024287945,8
701,0.031058073,8
702,0.019547047,8
703,0.028987925,8
704,0.021966917,8
705,0.020358885,8
706,0.016592389,8
707,0.023838269,8
708,0.030453058,8
709,0.029505325,8
710,0.039317135,8
711,0.017104782,8
712,0.021949472,8
713,0.041784175,8
714,0.02570334,8
715,0.025640894,8
716,0.01253881,8
717,0.018995136,8
718,0.024785569,8
719,0.019147016,8
720,0.027529983,8
721,0.024832038,8
722,0.030377248,8
723,0.036995124,8
724,0.022782147,8
725,0.029083619,8
726,0.030765394,8
727,0.022507848,8
728,0.023456408,8
729,0.020285787,8
730,0.026007434,8
731,0.030278234,8
732,0.025512123,8
733,0.018965404,8
734,0.020160573,8
735,0.050319284,8
736,0.025490385,8
737,0.03502842,8
738,0.037552517,8
739,0.031159079,8
740,0.021040365,8
741,0.025783718,8
742,0.025433227,8
743,0.03402827,8
744,0.022413563,8
745,0.028305992,8
746,0.026513588,8
747,0.02519791,8
748,0.030321013,8
749,0.03503014,8
750,0.03886158,8
751,0.017722182,8
752,0.031217454,8
753,0.0269111,8
754,0.02044133,8
755,0.02077216,8
756,0.02669244,8
757,0.024081368,8
758,0.026316632,8
759,0.025590567,8
760,0.017671576,8
761,0.018761363,8
762,0.038396724,8
763,0.018223476,8
764,0.0260101,8
765,0.023073051,8
766,0.022758977,8
767,0.05669797,8
768,0.018940464,8
769,0.028984144,8
770,0.025638629,8
771,0.02069037,8
772,0.020924965,8
773,0.0217938,8
774,0.020914756,8
775,0.024959087,8
776,0.022689,8
777,0.026435072,8
778,0.017664237,8
779,0.033168934,8
780,0.024465594,8
781,0.018702531,8
782,0.028264886,8
783,0.02394601,8
784,0.02390321,8
785,0.02293235,8
786,0.03204209,8
787,0.02329718,8
788,0.057447903,8
789,0.031784356,8
790,0.03178922,8
791,0.03484295,8
792,0.025005968,8
793,0.029190322,8
794,0.040699977,8
795,0.023476232,8
796,0.027055979,8
797,0.022565948,8
798,0.029862765,8
799,0.03846602,8
800,0.027072081,8
801,0.036292993,8
802,0.032461405,8
803,0.03136574,8
804,0.032367952,8
805,0.06149049,8
806,0.017685033,8
807,0.027936414,8
808,0.015157945,8
809,0.027256878,8
810,0.028299637,8
811,0.03961471,8
812,0.023550525,8
813,0.021678828,8
814,0.015205471,8
815,0.022766924,8
816,0.017675586,8
817,0.030578285,8
818,0.020996062,8
819,0.022512622,8
820,0.019283727,8
821,0.029814068,8
822,0.030520068,8
823,0.019810282,8
824,0.035890266,8
825,0.01968837,8
826,0.017989831,8
827,0.019849151,8
828,0.032173634,8
829,0.021639954,8
830,0.023650002,8
831,0.024963273,8
832,0.021474268,8
833,0.027742688,8
834,0.025426166,8
835,0.022679253,8
836,0.019233897,8
837,0.019853283,8
838,0.025275197,8
839,0.03864844,8
840,0.01470376,8
841,0.024928378,8
842,0.024195956,8
843,0.030049022,8
844,0.022407,8
845,0.03646961,8
846,0.028994633,8
847,0.019766485,8
848,0.034309935,8
849,0.021828698,8
850,0.02655861,8
851,0.012454454,8
852,0.016435253,8
853,0.02119211,8
854,0.025203267,8
855,0.038010936,8
856,0.018321943,8
857,0.01946071,8
858,0.02624512,8
859,0.024385413,8
860,0.018944286,8
861,0.027505612,8
862,0.027328793,8
863,0.031536788,8
864,0.033174023,8
865,0.025159115,8
866,0.022327228,8
867,0.026715906,8
868,0.019359516,8
869,0.030574333,8
870,0.02316388,8
871,0.02348303,8
872,0.02862939,8
873,0.033129722,8
874,0.019220253,8
875,0.035852946,8
876,0.018801272,8
877,0.023629151,8
878,0.02647743,8
879,0.018662207,8
880,0.033822052,8
881,0.02293829,8
882,0.044746604,8
883,0.018492075,8
884,0.021713104,8
885,0.025356758,8
886,0.02621003,8
887,0.02236418,8
888,0.025820635,8
889,0.038235594,8
890,0.037908576,8
891,0.019102609,8
892,0.023732608,8
893,0.020739485,8
894,0.019104248,8
895,0.028489979,8
896,0.018302724,8
897,0.018684002,8
898,0.016898936,8
899,0.035477847,8
900,0.027646415,8
901,0.029336732,8
902,0.020914627,8
903,0.01521452,8
904,0.03073423,8
905,0.025034437,8
906,0.022483142,8
907,0.034033418,8
908,0.020139497,8
909,0.022322768,8
910,0.027627004,8
911,0.024310011,8
912,0.02318354,8
913,0.02910744,8
914,0.031996872,8
915,0.016395966,8
916,0.019700592,8
917,0.0129469065,8
918,0.037612822,8
919,0.028453486,8
920,0.019856885,8
921,0.03144576,8
922,0.027556324,8
923,0.023371616,8
924,0.017241545,8
925,0.021316687,8
926,0.018170355,8
927,0.022031171,8
928,0.018866029,8
929,0.02298679,8
930,0.02713682,8
931,0.024540564,8
932,0.02841667,8
933,0.017481562,8
934,0.020031102,8
935,0.019282008,8
936,0.038517434,8
937,0.021398826,8
938,0.018906001,8
939,0.020036168,8
940,0.018340515,8
941,0.018160395,8
942,0.03593354,8
943,0.023415355,8
944,0.02537891,8
945,0.021980548,8
946,0.020282056,8
947,0.042058397,8
948,0.032646738,8
949,0.018807087,8
950,0.032235418,8
951,0.02283091,8
952,0.050151724,8
953,0.019677144,8
954,0.037025083,8
955,0.025810562,8
956,0.030000115,8
957,0.023108242,8
958,0.02295262,8
959,0.02801021,8
960,0.019051097,8
961,0.030306168,8
962,0.031345554,8
963,0.030866697,8
964,0.022043606,8
965,0.02077436,8
966,0.029627359,8
967,0.031009026,8
968,0.023111438,8
969,0.019316046,8
970,0.020875432,8
971,0.023291443,8
972,0.014072923,8
973,0.0411439,8
974,0.024505002,8
975,0.024361134,8
976,0.019000392,8
977,0.029982194,8
978,0.022645626,8
979,0.025369523,8
980,0.017408798,8
981,0.021260597,8
982,0.023338834,8
983,0.026223993,8
984,0.030098086,8
985,0.019117037,8
986,0.020899158,8
987,0.019156273,8
988,0.026880354,8
989,0.029927758,8
990,0.03728684,8
991,0.029359449,8
992,0.024754977,8
993,0.02516189,8
994,0.023037046,8
995,0.019767541,8
996,0.027008962,8
997,0.028997425,8
998,0.023699393,8
999,0.035944268,8
1000,0.032230414,8
1001,0.050052527,8
1002,0.03461448,8
1003,0.016269717,8
1004,0.020409493,8
1005,0.014071688,8
1006,0.02645118,8
1007,0.023937065,8
1008,0.04246533,8
1009,0.032176487,8
1010,0.031147622,8
1011,0.026032794,8
1012,0.017962975,8
1013,0.02987207,8
1014,0.020147413,8
1015,0.019483423,8
1016,0.013558262,8
1017,0.02014905,8
1018,0.027302044,8
1019,0.027533868,8
1020,0.022674171,8
1021,0.015689187,8
1022,0.018244522,8
1023,0.018174432,8
1024,0.025671823,8
1025,0.025173819,8
1026,0.02419218,8
1027,0.028555684,8
1028,0.025198048,8
1029,0.022229418,8
1030,0.018890109,8
1031,0.02471683,8
1032,0.023046896,8
1033,0.022528397,8
1034,0.024282552,8
1035,0.027328294,8
1036,0.023317385,8
1037,0.028252102,8
1038,0.028572323,8
1039,0.021018809,8
1040,0.037778586,8
1041,0.01404854,8
1042,0.018689638,8
1043,0.03935878,8
1044,0.031571362,8
1045,0.033255134,8
1046,0.030915864,8
1047,0.029989323,8
1048,0.019002872,8
1049,0.0359866,8
1050,0.028591422,8
1051,0.020917734,8
1052,0.037708167,8
1053,0.029997123,8
1054,0.027969427,8
1055,0.022454437,8
1056,0.030770537,8
1057,0.03357786,8
1058,0.02248575,8
1059,0.018155849,8
1060,0.028813045,8
1061,0.02669484,8
1062,0.032517068,8
1063,0.03138401,8
1064,0.035361838,8
1065,0.038951863,8
1066,0.021436911,8
1067,0.022874262,8
1068,0.021046216,8
1069,0.021819657,8
1070,0.018932646,8
1071,0.03712786,8
1072,0.018190814,8
1073,0.020948902,8
1074,0.025339056,8
1075,0.022679487,8
1076,0.013196755,8
1077,0.023666855,8
1078,0.022998458,8
1079,0.023231631,8
1080,0.019131683,8
1081,0.03169495,8
1082,0.021117147,8
1083,0.02070412,8
1084,0.019454086,8
1085,0.020099737,8
1086,0.03562162,8
1087,0.021034641,8
1088,0.022321044,8
1089,0.021155989,8
1090,0.028831566,8
1091,0.024334844,8
1092,0.024019042,8
1093,0.0281144,8
1094,0.026938,8
1095,0.017533297,8
1096,0.019631809,8
1097,0.020071106,8
1098,0.021164065,8
1099,0.03075529,8
1100,0.02150493,8
1101,0.019853916,8
1102,0.014416144,8
1103,0.020694299,8
1104,0.017262358,8
1105,0.020741103,8
1106,0.020708036,8
1107,0.039730005,8
1108,0.024478648,8
1109,0.027006244,8
1110,0.019226111,8
1111,0.01867255,8
1112,0.024003128,8
1113,0.02262066,8
1114,0.033195104,8
1115,0.018235786,8
1116,0.030872235,8
1117,0.025856476,8
1118,0.017943261,8
1119,0.020030452,8
1120,0.019916175,8
1121,0.037864074,8
1122,0.02378658,8
1123,0.021190539,8
1124,0.041265212,8
1125,0.028219594,8
1126,0.024866823,8
1127,0.02625593,8
1128,0.031796526,8
1129,0.022939658,8
1130,0.02692153,8
1131,0.021897327,8
1132,0.017589957,8
1133,0.02380646,8
1134,0.020536188,8
1135,0.028030608,8
1136,0.024273053,8
1137,0.01691367,8
1138,0.03234226,8
1139,0.016112095,8
1140,0.02591537,8
1141,0.017678097,8
1142,0.028332565,8
1143,0.0120705385,8
1144,0.030441565,8
1145,0.014077913,8
1146,0.014292764,8
1147,0.01666774,8
1148,0.016936764,8
1149,0.020348635,8
1150,0.019285806,8
1151,0.013396729,8
1152,0.039788987,8
1153,0.021279246,8
1154,0.014555387,8
1155,0.019918682,8
1156,0.02708711,8
1157,0.029430829,8
1158,0.022438144,8
1159,0.026456984,8
1160,0.018194217,8
1161,0.018512385,8
1162,0.02308043,8
1163,0.0227916,8
1164,0.027910424,8
1165,0.023357589,8
1166,0.025745098,8
1167,0.02327104,8
1168,0.025891846,8
1169,0.02465878,8
1170,0.017602023,8
1171,0.024456114,8
1172,0.01983832,8
1173,0.02155477,8
1174,0.029541701,8
1175,0.024858002,8
1176,0.0125808,8
1177,0.0280246,8
1178,0.02403336,8
1179,0.027421542,8
1180,0.029794008,8
1181,0.033546515,8
1182,0.021252489,8
1183,0.018887969,8
1184,0.04114755,8
1185,0.030520167,8
1186,0.023585973,8
1187,0.017136665,8
1188,0.025030514,8
1189,0.024174009,8
1190,0.022462228,8
1191,0.03211137,8
1192,0.030126963,8
1193,0.01714795,8
1194,0.015991889,8
1195,0.024645073,8
1196,0.02049943,8
1197,0.021031994,8
1198,0.022191614,8
1199,0.018629404,8
1200,0.019148296,8
1201,0.022395505,8
1202,0.02279144,8
1203,0.017383112,8
1204,0.019929674,8
1205,0.020027576,8
1206,0.01781628,8
1207,0.018353991,8
1208,0.024161473,8
1209,0.02525988,8
1210,0.018769886,8
1211,0.032596312,8
1212,0.03207264,8
1213,0.019779207,8
1214,0.022958491,8
1215,0.026841957,8
1216,0.019259065,8
1217,0.017879045,8
1218,0.01955217,8
1219,0.017544752,8
1220,0.029500598,8
1221,0.022056002,8
1222,0.021710731,8
1223,0.025467614,8
1224,0.023954995,8
1225,0.019321527,8
1226,0.025975665,8
1227,0.026952049,8
1228,0.020202251,8
1229,0.023693692,8
1230,0.017032092,8
1231,0.026875824,8
1232,0.01970847,8
1233,0.030992325,8
1234,0.016939137,8
1235,0.02313829,8
1236,0.023980027,8
1237,0.020481866,8
1238,0.015976759,8
1239,0.017384896,8
1240,0.018940045,8
1241,0.019883921,8
1242,0.015700407,8
1243,0.019548722,8
1244,0.020280702,8
1245,0.017045986,8
1246,0.021820672,8
1247,0.019450776,8
1248,0.030092549,8
1249,0.028492087,8
1250,0.026717702,8
1251,0.031612113,8
1252,0.031180004,8
1253,0.025186295,8
1254,0.0216594,8
1255,0.021367336,8
1256,0.022815831,8
1257,0.03020127,8
1258,0.022185592,8
1259,0.023706064,8
1260,0.026030153,8
1261,0.015338825,8
1262,0.031157,8
1263,0.023180965,8
1264,0.034505747,8
1265,0.02656416,8
1266,0.019589638,8
1267,0.019153891,8
1268,0.023665288,8
1269,0.023272086,8
1270,0.03527785,8
1271,0.017234622,8
1272,0.022346307,8
1273,0.023443295,8
1274,0.020473786,8
1275,0.018103087,8
1276,0.024514867,8
1277,0.028603476,8
1278,0.015402942,8
1279,0.01697419,8
1280,0.022383694,8
1281,0.031760946,8
1282,0.016579444,8
1283,0.014680002,8
1284,0.020414086,8
1285,0.027606463,8
1286,0.0142895635,8
1287,0.021431722,8
1288,0.03056462,8
1289,0.021933071,8
1290,0.019972736,8
1291,0.016818848,8
1292,0.01964888,8
1293,0.023106938,8
1294,0.022419125,8
1295,0.021426067,8
1296,0.019513305,8
1297,0.044600967,8
1298,0.037669647,8
1299,0.014641592,8
1300,0.025363026,8
1301,0.024165377,8
1302,0.01993185,8
1303,0.030033076,8
1304,0.01991512,8
1305,0.018521858,8
1306,0.025579214,8
1307,0.024084227,8
1308,0.017714912,8
1309,0.02901165,8
1310,0.013757031,8
1311,0.028098213,8
1312,0.018861309,8
1313,0.021813344,8
1314,0.018586138,8
1315,0.027079351,8
1316,0.017098913,8
1317,0.025899917,8
1318,0.033105597,8
1319,0.019677633,8
1320,0.028201004,8
1321,0.17430238,8
1322,0.13014163,8
1323,0.08666179,8
1324,0.15516394,8
1325,0.100994,8
1326,0.094431385,8
1327,0.10675916,8
1328,0.13626437,8
1329,0.0903499,8
1330,0.14437997,8
1331,0.13869943,8
1332,0.10724199,8
1333,0.09401306,8
1334,0.1212461,8
1335,0.064181015,8
1336,0.12003464,8
1337,0.067921326,8
1338,0.12823415,8
1339,0.12046043,8
1340,0.07616331,8
1341,0.12373138,8
1342,0.122267485,8
1343,0.07185421,8
1344,0.10265106,8
1345,0.13531323,8
1346,0.11042656,8
1347,0.14024965,8
1348,0.12670538,8
1349,0.10011828,8
1350,0.09894089,8
1351,0.08814648,8
1352,0.090277985,8
1353,0.10224349,8
1354,0.07637136,8
1355,0.14828087,8
1356,0.17833203,8
1357,0.10191012,8
1358,0.14795384,8
1359,0.14707884,8
1360,0.12203897,8
1361,0.10921725,8
1362,0.131702,8
1363,0.10814039,8
1364,0.12947264,8
1365,0.10414455,8
1366,0.13663636,8
1367,0.10380493,8
1368,0.13068362,8
1369,0.09957077,8
1370,0.10931642,8
1371,0.09948207,8
1372,0.09505007,8
1373,0.15618531,8
1374,0.08618296,8
1375,0.0882018,8
1376,0.09520431,8
1377,0.11149627,8
1378,0.08261925,8
1379,0.116675615,8
1380,0.117482305,8
1381,0.09804819,8
1382,0.121745296,8
1383,0.14109267,8
1384,0.1013099,8
1385,0.0906269,8
1386,0.0991463,8
1387,0.116353065,8
1388,0.12461992,8
1389,0.10579626,8
1390,0.11753534,8
1391,0.07549894,8
1392,0.08291431,8
1393,0.09160608,8
1394,0.09523519,8
1395,0.13351934,8
1396,0.08063655,8
1397,0.08722346,8
1398,0.119202316,8
1399,0.10282192,8
1400,0.12014405,8
1401,0.0788858,8
1402,0.13694349,8
1403,0.10130427,8
1404,0.079532936,8
1405,0.08271443,8
1406,0.07984946,8
1407,0.071872406,8
1408,0.098211244,8
1409,0.18585926,8
1410,0.10782339,8
1411,0.09603037,8
1412,0.1210246,8
1413,0.077968426,8
1414,0.070241675,8
1415,0.0853212,8
1416,0.0693026,8
1417,0.09818957,8
1418,0.0714943,8
1419,0.1326656,8
1420,0.102631725,8
1421,0.10291276,8
1422,0.07423896,8
1423,0.081800275,8
1424,0.09925296,8
1425,0.14102753,8
1426,0.09018134,8
1427,0.07652197,8
1428,0.13386068,8
1429,0.08985531,8
1430,0.12068119,8
1431,0.118791424,8
1432,0.08725383,8
1433,0.09929859,8
1434,0.07443099,8
1435,0.07324036,8
1436,0.07158067,8
1437,0.06447011,8
1438,0.09140685,8
1439,0.15362293,8
1440,0.10309698,8
1441,0.095712684,8
1442,0.09945837,8
1443,0.06960327,8
1444,0.108001694,8
1445,0.08665041,8
1446,0.1561588,8
1447,0.10502725,8
1448,0.123354524,8
1449,0.118709765,8
1450,0.08460778,8
1451,0.11895488,8
1452,0.118037775,8
1453,0.12891117,8
1454,0.090477586,8
1455,0.116800845,8
1456,0.106514834,8
1457,0.13366686,8
1458,0.118569784,8
1459,0.114064015,8
1460,0.09225111,8
1461,0.10131578,8
1462,0.09549074,8
1463,0.105127804,8
1464,0.089553915,8
1465,0.09782306,8
1466,0.09003374,8
1467,0.10271414,8
1468,0.14112437,8
1469,0.0870906,8
1470,0.103945136,8
1471,0.10410461,8
1472,0.08848175,8
1473,0.09765404,8
1474,0.11180378,8
1475,0.104218975,8
1476,0.094539694,8
1477,0.09085003,8
1478,0.09815422,8
1479,0.10162243,8
1480,0.086150154,8
1481,0.11018063,8
1482,0.104063995,8
1483,0.07041842,8
1484,0.13020705,8
1485,0.086963736,8
1486,0.10722168,8
1487,0.0826268,8
1488,0.07762232,8
1489,0.09626071,8
1490,0.123472475,8
1491,0.09856201,8
1492,0.097287945,8
1493,0.0841038,8
1494,0.10025389,8
1495,0.10859238,8
1496,0.15967934,8
1497,0.1072367,8
1498,0.114576995,8
1499,0.095712446,8
1500,0.10186346,8
1501,0.11730931,8
1502,0.086359434,8
1503,0.06674313,8
1504,0.07680271,8
1505,0.09748013,8
1506,0.13908114,8
1507,0.06882545,8
1508,0.12605223,8
1509,0.09456103,8
1510,0.063879624,8
1511,0.14722073,8
1512,0.07707538,8
1513,0.07940762,8
1514,0.09897751,8
1515,0.14277546,8
1516,0.1672633,8
1517,0.11553859,8
1518,0.1302282,8
1519,0.11342541,8
1520,0.10941245,8
1521,0.14421628,8
1522,0.1173582,8
1523,0.10910925,8
1524,0.10772556,8
1525,0.17120986,8
1526,0.113715746,8
1527,0.1268796,8
1528,0.14727835,8
1529,0.10932444,8
1530,0.08584328,8
1531,0.22934362,8
1532,0.10914312,8
1533,0.113334924,8
1534,0.1454375,8
1535,0.095526725,8
1536,0.08189138,8
1537,0.1429916,8
1538,0.10482544,8
1539,0.1683926,8
1540,0.084355384,8
1541,0.08106955,8
1542,0.13213913,8
1543,0.19227411,8
1544,0.1284707,8
1545,0.13002494,8
1546,0.11576181,8
1547,0.12740913,8
1548,0.09248258,8
1549,0.10011127,8
1550,0.10980886,8
1551,0.13568375,8
1552,0.135042,8
1553,0.124460086,8
1554,0.11555366,8
1555,0.11525109,8
1556,0.13258618,8
1557,0.1372038,8
1558,0.11788252,8
1559,0.12937094,8
1560,0.11118855,8
1561,0.11898248,8
1562,0.10708097,8
1563,0.09838866,8
1564,0.1032135,8
1565,0.1679636,8
1566,0.14759271,8
1567,0.12053173,8
1568,0.09907554,8
1569,0.10327564,8
1570,0.14838956,8
1571,0.095146134,8
1572,0.10202914,8
1573,0.10134389,8
1574,0.09084895,8
1575,0.09464104,8
1576,0.079126716,8
1577,0.10658973,8
1578,0.11595574,8
1579,0.12833646,8
1580,0.09265462,8
1581,0.1289083,8
1582,0.13000976,8
1583,0.09432704,8
1584,0.09981378,8
1585,0.09364192,8
1586,0.07613047,8
1587,0.102623634,8
1588,0.07154334,8
1589,0.11844316,8
1590,0.09136968,8
1591,0.075362474,8
1592,0.1394764,8
1593,0.11187686,8
1594,0.13208471,8
1595,0.06810867,8
1596,0.09327567,8
1597,0.1087155,8
1598,0.07587432,8
1599,0.07983794,8
1600,0.09124716,8
1601,0.08659325,8
1602,0.13150336,8
1603,0.10834153,8
1604,0.091203146,8
1605,0.090574935,8
1606,0.07117604,8
1607,0.15024637,8
1608,0.087461114,8
1609,0.07819326,8
1610,0.09457733,8
1611,0.16447932,8
1612,0.07118795,8
1613,0.11998551,8
1614,0.12846805,8
1615,0.09905081,8
1616,0.09032052,8
1617,0.11563257,8
1618,0.07584885,8
1619,0.11198846,8
1620,0.114930786,8
1621,0.14584388,8
1622,0.0837772,8
1623,0.10891235,8
1624,0.091844365,8
1625,0.10839926,8
1626,0.11359727,8
1627,0.10568319,8
1628,0.08445436,8
1629,0.10030407,8
1630,0.101225264,8
1631,0.08705361,8
1632,0.09805974,8
1633,0.09716104,8
1634,0.10844729,8
1635,0.12997493,8
1636,0.07809578,8
1637,0.12794678,8
1638,0.09957616,8
1639,0.085090555,8
1640,0.08834917,8
1641,0.07326585,8
1642,0.101309456,8
1643,0.10102959,8
1644,0.117192075,8
1645,0.075675994,8
1646,0.077386215,8
1647,0.13666363,8
1648,0.12623772,8
1649,0.089212954,8
1650,0.08900232,8
1651,0.13779789,8
1652,0.110469624,8
1653,0.093390696,8
1654,0.0988946,8
1655,0.09914928,8
1656,0.116437376,8
1657,0.104154795,8
1658,0.100025244,8
1659,0.1410315,8
1660,0.0819884,8
1661,0.1208678,8
1662,0.12062274,8
1663,0.10788037,8
1664,0.09291776,8
1665,0.067531176,8
1666,0.14427519,8
1667,0.08306522,8
1668,0.08670448,8
1669,0.085085765,8
1670,0.06727534,8
1671,0.0635699,8
1672,0.09901665,8
1673,0.10881733,8
1674,0.11153622,8
1675,0.10119857,8
1676,0.13196678,8
1677,0.13072984,8
1678,0.121915855,8
1679,0.10074581,8
1680,0.11553227,8
1681,0.0928407,8
1682,0.1164076,8
1683,0.139022,8
1684,0.102394,8
1685,0.10364419,8
1686,0.09702327,8
1687,0.1239951,8
1688,0.08991559,8
1689,0.115212284,8
1690,0.10203956,8
1691,0.09154426,8
1692,0.077600464,8
1693,0.1194308,8
1694,0.10511095,8
1695,0.07825133,8
1696,0.14025795,8
1697,0.071906835,8
1698,0.13904384,8
1699,0.0924978,8
1700,0.10612709,8
1701,0.10242207,8
1702,0.10483601,8
1703,0.08372487,8
1704,0.104153186,8
1705,0.11440542,8
1706,0.09145966,8
1707,0.07224658,8
1708,0.094424464,8
1709,0.12757994,8
1710,0.07467984,8
1711,0.06611669,8
1712,0.1428763,8
1713,0.16396941,8
1714,0.12403239,8
1715,0.13488027,8
1716,0.096664585,8
1717,0.11294749,8
1718,0.102995165,8
1719,0.11376374,8
1720,0.10146519,8
1721,0.13756981,8
1722,0.09720535,8
1723,0.12327991,8
1724,0.11750402,8
1725,0.102185875,8
1726,0.09200942,8
1727,0.087525204,8
1728,0.12975606,8
1729,0.08464037,8
1730,0.07266593,8
1731,0.12117373,8
1732,0.07271783,8
1733,0.13747716,8
1734,0.08713091,8
1735,0.084383026,8
1736,0.07512267,8
1737,0.09319931,8
1738,0.108491376,8
1739,0.05361839,8
1740,0.07713496,8
1741,0.12398791,8
1742,0.0940537,8
1743,0.07352949,8
1744,0.09284476,8
1745,0.098511845,8
1746,0.07544229,8
1747,0.09689106,8
1748,0.07884405,8
1749,0.08526278,8
1750,0.115080364,8
1751,0.12328733,8
1752,0.1062656,8
1753,0.140411,8
1754,0.07721927,8
1755,0.14601368,8
1756,0.08461077,8
1757,0.10499721,8
1758,0.10675679,8
1759,0.11391656,8
1760,0.10625841,8
1761,0.10546472,8
1762,0.08576154,8
1763,0.10280723,8
1764,0.10811751,8
1765,0.07079133,8
1766,0.11980341,8
1767,0.11973234,8
1768,0.09513374,8
1769,0.09355997,8
1770,0.09586217,8
1771,0.12622263,8
1772,0.12709032,8
1773,0.11406652,8
1774,0.06833433,8
1775,0.09693461,8
1776,0.08274964,8
1777,0.08456437,8
1778,0.09482716,8
1779,0.049097072,8
1780,0.10592598,8
1781,0.13045882,8
1782,0.07785589,8
1783,0.12356399,8
1784,0.11242792,8
1785,0.105222814,8
1786,0.12490491,8
1787,0.1312871,8
1788,0.11730735,8
1789,0.076712735,8
1790,0.11934448,8
1791,0.07381706,8
1792,0.08553156,8
1793,0.079703316,8
1794,0.07660336,8
1795,0.16828518,8
1796,0.09641053,8
1797,0.12898242,8
1798,0.10218223,8
1799,0.113327965,8
1800,0.093100026,8
1801,0.10067191,8
1802,0.09370936,8
1803,0.08156829,8
1804,0.107485294,8
1805,0.09658453,8
1806,0.09556132,8
1807,0.15779912,8
1808,0.13678488,8
1809,0.112504564,8
1810,0.104831636,8
1811,0.09166136,8
1812,0.095046684,8
1813,0.14322671,8
1814,0.083519086,8
1815,0.09129989,8
1816,0.07914735,8
1817,0.10454546,8
1818,0.103383586,8
1819,0.12948819,8
1820,0.113018714,8
1821,0.16913179,8
1822,0.12647492,8
1823,0.11557231,8
1824,0.08378209,8
1825,0.10834589,8
1826,0.07526299,8
1827,0.14944418,8
1828,0.12570268,8
1829,0.08235517,8
1830,0.10663655,8
1831,0.094243184,8
1832,0.0912741,8
1833,0.10746028,8
1834,0.14193508,8
1835,0.14116962,8
1836,0.12305422,8
1837,0.15436275,8
1838,0.12717529,8
1839,0.14529982,8
1840,0.12052914,8
1841,0.13752887,8
1842,0.15459505,8
1843,0.13211426,8
1844,0.17234549,8
1845,0.14186479,8
1846,0.101949476,8
1847,0.110269316,8
1848,0.07098507,8
1849,0.115514226,8
1850,0.11585971,8
1851,0.10129051,8
1852,0.25867894,8
1853,0.08503192,8
1854,0.1374347,8
1855,0.10942599,8
1856,0.10388545,8
1857,0.082572125,8
1858,0.117554575,8
1859,0.11337272,8
1860,0.10059153,8
1861,0.12578763,8
1862,0.14619336,8
1863,0.10036155,8
1864,0.08990379,8
1865,0.119656615,8
1866,0.094914004,8
1867,0.12981638,8
1868,0.15703255,8
1869,0.075771116,8
1870,0.12570746,8
1871,0.10161927,8
1872,0.10315643,8
1873,0.1225736,8
1874,0.111896254,8
1875,0.108543344,8
1876,0.07346813,8
1877,0.104788914,8
1878,0.0943212,8
1879,0.13579576,8
1880,0.09313207,8
1881,0.14737085,8
1882,0.10918977,8
1883,0.10758717,8
1884,0.15056755,8
1885,0.12685917,8
1886,0.15274516,8
1887,0.13004982,8
1888,0.11211979,8
1889,0.12169318,8
1890,0.113686316,8
1891,0.12200433,8
1892,0.08807196,8
1893,0.08757832,8
1894,0.10930042,8
1895,0.13279226,8
1896,0.103196636,8
1897,0.09475129,8
1898,0.10447666,8
1899,0.14816798,8
1900,0.0978414,8
1901,0.108785704,8
1902,0.076323226,8
1903,0.09277398,8
1904,0.12319747,8
1905,0.100726545,8
1906,0.14922965,8
1907,0.11399326,8
1908,0.099160366,8
1909,0.098961346,8
1910,0.09807962,8
1911,0.08131464,8
1912,0.10781047,8
1913,0.1284106,8
1914,0.078366056,8
1915,0.13507754,8
1916,0.07486964,8
1917,0.13363905,8
1918,0.12344157,8
1919,0.10968238,8
1920,0.08951923,8
1921,0.09347061,8
1922,0.07314586,8
1923,0.09284736,8
1924,0.12998666,8
1925,0.088888444,8
1926,0.13435729,8
1927,0.094784155,8
1928,0.08662676,8
1929,0.100252874,8
1930,0.09894751,8
1931,0.12233109,8
1932,0.112208106,8
1933,0.097955294,8
1934,0.11261309,8
1935,0.099788,8
1936,0.12120766,8
1937,0.1029544,8
1938,0.08736416,8
1939,0.10711135,8
1940,0.073804826,8
1941,0.09377475,8
1942,0.1156905,8
1943,0.11680841,8
1944,0.1312581,8
1945,0.120665856,8
1946,0.1041006,8
1947,0.10863193,8
1948,0.08774118,8
1949,0.09503443,8
1950,0.11688143,8
1951,0.116099276,8
1952,0.1389806,8
1953,0.112538196,8
1954,0.08822,8
1955,0.07943292,8
1956,0.09742724,8
1957,0.070879966,8
1958,0.08194594,8
1959,0.0962765,8
1960,0.12907524,8
1961,0.063206054,8
1962,0.12866691,8
1963,0.1122378,8
1964,0.12879622,8
1965,0.08770893,8
1966,0.08080067,8
1967,0.068255454,8
1968,0.08016505,8
1969,0.10221099,8
1970,0.08038689,8
1971,0.09309045,8
1972,0.11020995,8
1973,0.11057748,8
1974,0.12200609,8
1975,0.124919005,8
1976,0.07354504,8
1977,0.06440501,8
1978,0.069706395,8
1979,0.098914586,8
1980,0.08304996,8
1981,0.1074986,8
1982,0.06507164,8
1983,0.16289026,8
1984,0.088005334,8
1985,0.18632789,8
1986,0.107818075,8
1987,0.091614775,8
1988,0.11597375,8
1989,0.14683343,8
1990,0.11969133,8
1991,0.14028808,8
1992,0.10933279,8
1993,0.101570174,8
1994,0.099148884,8
1995,0.09798109,8
1996,0.10048356,8
1997,0.09964208,8
1998,0.14461309,8
1999,0.11570545,8
2000,0.086582854,8
2001,0.08195889,8
2002,0.082721785,8
2003,0.10207519,8
2004,0.065049134,8
2005,0.100333504,8
2006,0.1244834,8
2007,0.09990443,8
2008,0.09211604,8
2009,0.07229577,8
2010,0.11158873,8
2011,0.106236435,8
2012,0.08787139,8
2013,0.077311136,8
2014,0.12655659,8
2015,0.07700364,8
2016,0.14852746,8
2017,0.14178668,8
2018,0.111087,8
2019,0.10602608,8
2020,0.104902156,8
2021,0.07061633,8
2022,0.119029395,8
2023,0.09370517,8
2024,0.09601245,8
2025,0.066661805,8
2026,0.122858874,8
2027,0.08352927,8
2028,0.092586994,8
2029,0.14121443,8
2030,0.072523646,8
2031,0.0855651,8
2032,0.09057593,8
2033,0.08178718,8
2034,0.07224542,8
2035,0.08846271,8
2036,0.09111962,8
2037,0.11234642,8
2038,0.13177794,8
2039,0.09281403,8
2040,0.0906271,8
2041,0.12700984,8
2042,0.09028341,8
2043,0.08143662,8
2044,0.13960528,8
2045,0.105052896,8
2046,0.1087998,8
2047,0.10699016,8
2048,0.10203263,8
2049,0.0920108,8
2050,0.095988765,8
2051,0.10299054,8
2052,0.10335516,8
2053,0.09082334,8
2054,0.12895687,8
2055,0.10724925,8
2056,0.10680787,8
2057,0.09006134,8
2058,0.12533475,8
2059,0.094683245,8
2060,0.098284066,8
2061,0.0903135,8
2062,0.09154334,8
2063,0.11775936,8
2064,0.13578315,8
2065,0.08048684,8
2066,0.11127577,8
2067,0.07223558,8
2068,0.10929154,8
2069,0.09216613,8
2070,0.08160684,8
2071,0.07136173,8
2072,0.09596366,8
2073,0.09024714,8
2074,0.10800064,8
2075,0.113742724,8
2076,0.117167205,8
2077,0.101046324,8
2078,0.0700019,8
2079,0.10634441,8
2080,0.07928315,8
2081,0.09644532,8
2082,0.11363236,8
2083,0.10704209,8
2084,0.12560987,8
2085,0.101390995,8
2086,0.119083315,8
2087,0.118831284,8
2088,0.12925115,8
2089,0.1068894,8
2090,0.107009314,8
2091,0.10846691,8
2092,0.093041405,8
2093,0.09128663,8
2094,0.08871294,8
2095,0.12847503,8
2096,0.09354576,8
2097,0.08325353,8
2098,0.06501987,8
2099,0.12138878,8
2100,0.118150346,8
2101,0.073297024,8
2102,0.12395555,8
2103,0.08096683,8
2104,0.07275613,8
2105,0.105582386,8
2106,0.0806781,8
2107,0.10937969,8
2108,0.07915418,8
2109,0.103486106,8
2110,0.08460913,8
2111,0.08847192,8
2112,0.118972585,8
2113,0.13685957,8
2114,0.09372582,8
2115,0.11058006,8
2116,0.09555865,8
2117,0.06611945,8
2118,0.08161713,8
2119,0.07249522,8
2120,0.11034297,8
2121,0.09549953,8
2122,0.14232273,8
2123,0.09722353,8
2124,0.10480098,8
2125,0.06880941,8
2126,0.086025715,8
2127,0.13217238,8
2128,0.09144838,8
2129,0.122214936,8
2130,0.09729809,8
2131,0.093281515,8
2132,0.08657787,8
2133,0.09443159,8
2134,0.09530562,8
2135,0.09309356,8
2136,0.06878283,8
2137,0.13995017,8
2138,0.09553144,8
2139,0.08841498,8
2140,0.089897595,8
2141,0.090401396,8
2142,0.09243109,8
2143,0.081290565,8
2144,0.2072218,8
2145,0.07123803,8
2146,0.12830417,8
2147,0.12524275,8
2148,0.07999787,8
2149,0.10351863,8
2150,0.08341412,8
2151,0.07039858,8
2152,0.09274632,8
2153,0.06703631,8
2154,0.10793012,8
2155,0.112437315,8
2156,0.1138448,8
2157,0.1133925,8
2158,0.1521348,8
2159,0.10240969,8
2160,0.072370075,8
2161,0.09805233,8
2162,0.13172898,8
2163,0.14028937,8
2164,0.13070278,8
2165,0.115869865,8
2166,0.14458853,8
2167,0.11512231,8
2168,0.08399623,8
2169,0.11137079,8
2170,0.093124084,8
2171,0.09182868,8
2172,0.11766984,8
2173,0.10224597,8
2174,0.09558503,8
2175,0.07962418,8
2176,0.073384576,8
2177,0.11519714,8
2178,0.086224645,8
2179,0.11862986,8
2180,0.08554457,8
2181,0.09489592,8
2182,0.15101235,8
2183,0.10243251,8
2184,0.08713927,8
2185,0.10148377,8
2186,0.09638088,8
2187,0.09021519,8
2188,0.12747404,8
2189,0.07319564,8
2190,0.074999176,8
2191,0.07553406,8
2192,0.0780731,8
2193,0.10903453,8
2194,0.11674045,8
2195,0.11859307,8
2196,0.12857734,8
2197,0.07653069,8
2198,0.14073521,8
2199,0.09936336,8
2200,0.10168479,8
2201,0.1293404,8
2202,0.07256794,8
2203,0.08076564,8
2204,0.07960054,8
2205,0.11614495,8
2206,0.08873226,8
2207,0.068211436,8
2208,0.07226652,8
2209,0.117228985,8
2210,0.11600477,8
2211,0.116652295,8
2212,0.11755954,8
2213,0.08994298,8
2214,0.1026696,8
2215,0.10649301,8
2216,0.09492689,8
2217,0.08097757,8
2218,0.09481002,8
2219,0.079708084,8
2220,0.14627367,8
2221,0.100435965,8
2222,0.15729472,8
2223,0.16001484,8
2224,0.083635874,8
2225,0.099686995,8
2226,0.11897612,8
2227,0.08800021,8
2228,0.10581862,8
2229,0.08572579,8
2230,0.10582762,8
2231,0.09979826,8
2232,0.0726265,8
2233,0.15125838,8
2234,0.11296675,8
2235,0.080341466,8
2236,0.10091895,8
2237,0.08508473,8
2238,0.10572009,8
2239,0.07501089,8
2240,0.096490204,8
2241,0.120481305,8
2242,0.09307619,8
2243,0.10932798,8
2244,0.077959456,8
2245,0.094584025,8
2246,0.12118354,8
2247,0.10468584,8
2248,0.06786045,8
2249,0.096432835,8
2250,0.09252227,8
2251,0.07389894,8
2252,0.08529007,8
2253,0.068628766,8
2254,0.06409356,8
2255,0.12737192,8
2256,0.08446822,8
2257,0.090609066,8
2258,0.0999499,8
2259,0.06947866,8
2260,0.08636049,8
2261,0.12141657,8
2262,0.13184628,8
2263,0.10001466,8
2264,0.11454247,8
2265,0.093903944,8
2266,0.09240381,8
2267,0.11269765,8
2268,0.14077862,8
2269,0.089227624,8
2270,0.15546201,8
2271,0.122467674,8
2272,0.13975705,8
2273,0.13652426,8
2274,0.11267845,8
2275,0.1166574,8
2276,0.12544347,8
2277,0.10938227,8
2278,0.14292863,8
2279,0.08993539,8
2280,0.15698892,8
2281,0.121863864,8
2282,0.124454364,8
2283,0.103783585,8
2284,0.103176326,8
2285,0.16011754,8
2286,0.120373845,8
2287,0.08864958,8
2288,0.15534812,8
2289,0.07676936,8
2290,0.15292329,8
2291,0.12231638,8
2292,0.11041808,8
2293,0.16894394,8
2294,0.10353705,8
2295,0.117289156,8
2296,0.08175389,8
2297,0.10101772,8
2298,0.1573134,8
2299,0.12851498,8
2300,0.161782,8
2301,0.08810172,8
2302,0.14365257,8
2303,0.10238087,8
2304,0.11697144,8
2305,0.12329941,8
2306,0.112033375,8
2307,0.10774298,8
2308,0.08100598,8
2309,0.10100256,8
2310,0.11770325,8
2311,0.09499398,8
2312,0.132965,8
2313,0.09627852,8
2314,0.13395634,8
2315,0.11846847,8
2316,0.11904428,8
2317,0.10170431,8
2318,0.08219091,8
2319,0.14327557,8
2320,0.08130141,8
2321,0.10131857,8
2322,0.09571868,8
2323,0.106371514,8
2324,0.07369671,8
2325,0.1253881,8
2326,0.10857921,8
2327,0.07294651,8
2328,0.09855669,8
2329,0.10546364,8
2330,0.10527526,8
2331,0.088690326,8
2332,0.14514613,8
2333,0.11464498,8
2334,0.11133688,8
2335,0.089640446,8
2336,0.09004102,8
2337,0.09269349,8
2338,0.09775511,8
2339,0.08483045,8
2340,0.08060077,8
2341,0.11973711,8
2342,0.08223665,8
2343,0.06936473,8
2344,0.18750836,8
2345,0.15193012,8
2346,0.10095965,8
2347,0.07958917,8
2348,0.10575488,8
2349,0.10587657,8
2350,0.116860844,8
2351,0.09675929,8
2352,0.11927818,8
2353,0.1323048,8
2354,0.09723732,8
2355,0.08489333,8
2356,0.10636189,8
2357,0.079948194,8
2358,0.100689225,8
2359,0.06590307,8
2360,0.08214563,8
2361,0.19494477,8
2362,0.07363918,8
2363,0.13709551,8
2364,0.09489047,8
2365,0.06754631,8
2366,0.07631652,8
2367,0.09208484,8
2368,0.112799756,8
2369,0.1333518,8
2370,0.109932475,8
2371,0.08071746,8
2372,0.10150679,8
2373,0.08220563,8
2374,0.10831647,8
2375,0.12354978,8
2376,0.1128234,8
2377,0.12716448,8
2378,0.10003189,8
2379,0.14770487,8
2380,0.09512503,8
2381,0.13847618,8
2382,0.08500457,8
2383,0.08907846,8
2384,0.09996531,8
2385,0.10710192,8
2386,0.16724008,8
2387,0.10114067,8
2388,0.08839925,8
2389,0.101868734,8
2390,0.093517646,8
2391,0.10094119,8
2392,0.09566884,8
2393,0.11402881,8
2394,0.1458355,8
2395,0.08282201,8
2396,0.083239906,8
2397,0.14777565,8
2398,0.07872589,8
2399,0.10066582,8
2400,0.081727915,8
2401,0.120012835,8
2402,0.10396984,8
2403,0.088526316,8
2404,0.08976531,8
2405,0.13055235,8
2406,0.07842135,8
2407,0.14533016,8
2408,0.07822326,8
2409,0.095002234,8
2410,0.08794475,8
2411,0.08814585,8
2412,0.1081468,8
2413,0.113990135,8
2414,0.12700506,8
2415,0.118857436,8
2416,0.08614825,8
2417,0.10879445,8
2418,0.115306474,8
2419,0.12662044,8
2420,0.123468384,8
2421,0.11640027,8
2422,0.08193694,8
2423,0.07098884,8
2424,0.099652775,8
2425,0.06884462,8
2426,0.1018908,8
2427,0.123462655,8
2428,0.08090945,8
2429,0.09911038,8
2430,0.14477009,8
2431,0.13018528,8
2432,0.13935158,8
2433,0.1369207,8
2434,0.10639742,8
2435,0.105149016,8
2436,0.105163425,8
2437,0.09289057,8
2438,0.10121175,8
2439,0.08690773,8
2440,0.09073643,8
2441,0.1233158,8
2442,0.1121665,8
2443,0.12449829,8
2444,0.07756225,8
2445,0.096093915,8
2446,0.08771405,8
2447,0.117150806,8
2448,0.082344204,8
2449,0.13165742,8
2450,0.103807814,8
2451,0.087628156,8
2452,0.09891462,8
2453,0.096904635,8
2454,0.103374496,8
2455,0.10770688,8
2456,0.08350678,8
2457,0.112379625,8
2458,0.071490474,8
2459,0.09713088,8
2460,0.1200957,8
2461,0.12569286,8
2462,0.09732033,8
2463,0.1364728,8
2464,0.08594607,8
2465,0.12346944,8
2466,0.08630939,8
2467,0.09333696,8
2468,0.09538031,8
2469,0.08979836,8
2470,0.11700733,8
2471,0.13026275,8
2472,0.09475456,8
2473,0.11329667,8
2474,0.11242677,8
2475,0.098490566,8
2476,0.09867966,8
2477,0.10052272,8
2478,0.099290885,8
2479,0.09211073,8
2480,0.11626404,8
2481,0.08436146,8
2482,0.14282383,8
2483,0.12743844,8
2484,0.10757166,8
2485,0.11949646,8
2486,0.10495006,8
2487,0.13621525,8
2488,0.12103461,8
2489,0.08406061,8
2490,0.10964267,8
2491,0.13463816,8
2492,0.09858044,8
2493,0.12128677,8
2494,0.10471819,8
2495,0.09851054,8
2496,0.06678868,8
2497,0.0863418,8
2498,0.10127625,8
2499,0.10306818,8
2500,0.08792492,8
2501,0.10756312,8
2502,0.10040762,8
2503,0.080550656,8
2504,0.13073918,8
2505,0.112712145,8
2506,0.08865012,8
2507,0.095240094,8
2508,0.095157355,8
2509,0.10722832,8
2510,0.090119444,8
2511,0.07150313,8
2512,0.077226,8
2513,0.11610682,8
2514,0.116476394,8
2515,0.1339556,8
2516,0.08229366,8
2517,0.07546331,8
2518,0.11538613,8
2519,0.11500254,8
2520,0.101839684,8
2521,0.1270073,8
2522,0.08664648,8
2523,0.09461852,8
2524,0.10736792,8
2525,0.1177571,8
2526,0.10699062,8
2527,0.07796619,8
2528,0.124974646,8
2529,0.09937217,8
2530,0.07272153,8
2531,0.092563555,8
2532,0.07631986,8
2533,0.06516607,8
2534,0.12507743,8
2535,0.06053691,8
2536,0.11200177,8
2537,0.12604333,8
2538,0.08286626,8
2539,0.060718477,8
2540,0.11741057,8
2541,0.069788955,8
2542,0.07471535,8
2543,0.08922515,8
2544,0.09391427,8
2545,0.09839377,8
2546,0.07476532,8
2547,0.10357131,8
2548,0.08940557,8
2549,0.0819013,8
2550,0.10900305,8
2551,0.080782615,8
2552,0.09675219,8
2553,0.08618021,8
2554,0.095940635,8
2555,0.09777696,8
2556,0.06942567,8
2557,0.11496351,8
2558,0.09593532,8
2559,0.0832221,8
2560,0.09059627,8
2561,0.08389434,8
2562,0.12062254,8
2563,0.08143965,8
2564,0.09447613,8
2565,0.08007508,8
2566,0.14749138,8
2567,0.082418405,8
2568,0.055381447,8
2569,0.06961742,8
2570,0.06834223,8
2571,0.07774811,8
2572,0.12164644,8
2573,0.11421493,8
2574,0.11999922,8
2575,0.12479699,8
2576,0.114887595,8
2577,0.06322062,8
2578,0.11083994,8
2579,0.05824822,8
2580,0.17332347,8
2581,0.08623937,8
2582,0.1274914,8
2583,0.10173319,8
2584,0.08993249,8
2585,0.12955569,8
2586,0.14968403,8
2587,0.08134276,8
2588,0.1132164,8
2589,0.11427695,8
2590,0.12085186,8
2591,0.07199794,8
2592,0.115083545,8
2593,0.11609935,8
2594,0.09590766,8
2595,0.07512524,8
2596,0.100863874,8
2597,0.16830197,8
2598,0.15414752,8
2599,0.12010244,8
2600,0.103156425,8
2601,0.10965375,8
2602,0.094073676,8
2603,0.11383713,8
2604,0.12630686,8
2605,0.15151437,8
2606,0.14347659,8
2607,0.11213431,8
2608,0.13404384,8
2609,0.11109403,8
2610,0.09540052,8
2611,0.09520676,8
2612,0.0883071,8
2613,0.09665143,8
2614,0.079873525,8
2615,0.13577127,8
2616,0.16508305,8
2617,0.08955143,8
2618,0.13975559,8
2619,0.1153376,8
2620,0.0827128,8
2621,0.07900444,8
2622,0.13666494,8
2623,0.10694377,8
2624,0.11503718,8
2625,0.12151831,8
2626,0.10612245,8
2627,0.08966071,8
2628,0.09874733,8
2629,0.09731117,8
2630,0.087050304,8
2631,0.1050865,8
2632,0.102949165,8
2633,0.09434688,8
2634,0.062166814,8
2635,0.12093624,8
2636,0.08327557,8
2637,0.13142845,8
2638,0.14421251,8
2639,0.09433463,8
2640,0.11492909,8
2641,0.11131845,8
2642,0.09628603,8
2643,0.102823295,8
2644,0.08453269,8
2645,0.09712544,8
2646,0.13046984,8
2647,0.076048374,8
2648,0.09523755,8
2649,0.07916389,8
2650,0.07912041,8
2651,0.10560924,8
2652,0.10384908,8
2653,0.08774582,8
2654,0.109793186,8
2655,0.112522505,8
2656,0.10329536,8
2657,0.080216594,8
2658,0.08291665,8
2659,0.12816909,8
2660,0.081455894,8
2661,0.1012888,8
2662,0.118376605,8
2663,0.08783226,8
2664,0.11093341,8
2665,0.10007675,8
2666,0.11554931,8
2667,0.087395325,8
2668,0.059680473,8
2669,0.11180826,8
2670,0.091711685,8
2671,0.06674272,8
2672,0.15797459,8
2673,0.108594276,8
2674,0.100781515,8
2675,0.11625571,8
2676,0.11648516,8
2677,0.08313285,8
2678,0.12180211,8
2679,0.09240829,8
2680,0.101391,8
2681,0.108245514,8
2682,0.11846588,8
2683,0.12009713,8
2684,0.08218074,8
2685,0.093463145,8
2686,0.120643176,8
2687,0.12643257,8
2688,0.08456891,8
2689,0.0824407,8
2690,0.13942388,8
2691,0.13068682,8
2692,0.09028853,8
2693,0.091409,8
2694,0.07538227,8
2695,0.07976774,8
2696,0.13469966,8
2697,0.07203137,8
2698,0.1180219,8
2699,0.119217165,8
2700,0.10133576,8
2701,0.11247604,8
2702,0.10375657,8
2703,0.07399684,8
2704,0.104013085,8
2705,0.09953604,8
2706,0.07911391,8
2707,0.11777195,8
2708,0.11454426,8
2709,0.09939528,8
2710,0.08959486,8
2711,0.098809645,8
2712,0.14488074,8
2713,0.1377639,8
2714,0.08430069,8
2715,0.096141994,8
2716,0.07317631,8
2717,0.099630274,8
2718,0.10558923,8
2719,0.07973398,8
2720,0.06820081,8
2721,0.06767923,8
2722,0.10016363,8
2723,0.088383354,8
2724,0.05060591,8
2725,0.083778456,8
2726,0.12579636,8
2727,0.088105135,8
2728,0.109056674,8
2729,0.12324768,8
2730,0.076127075,8
2731,0.10893332,8
2732,0.12000997,8
2733,0.14279589,8
2734,0.1408311,8
2735,0.16188039,8
2736,0.13152917,8
2737,0.12110426,8
2738,0.07959395,8
2739,0.10354249,8
2740,0.11854148,8
2741,0.102837175,8
2742,0.14286213,8
2743,0.12946555,8
2744,0.12889872,8
2745,0.09951546,8
2746,0.100145176,8
2747,0.111510105,8
2748,0.09432941,8
2749,0.1654302,8
2750,0.12596719,8
2751,0.10326306,8
2752,0.08626856,8
2753,0.14411704,8
2754,0.08253354,8
2755,0.074281015,8
2756,0.12595204,8
2757,0.122515924,8
2758,0.0960756,8
2759,0.08164341,8
2760,0.09361553,8
2761,0.09365858,8
2762,0.096858285,8
2763,0.056668025,8
2764,0.0899158,8
2765,0.12838139,8
2766,0.12865254,8
2767,0.0850989,8
2768,0.13013214,8
2769,0.094313815,8
2770,0.07534651,8
2771,0.086937666,8
2772,0.09882545,8
2773,0.072155744,8
2774,0.1370419,8
2775,0.12691024,8
2776,0.07706534,8
2777,0.07310515,8
2778,0.122404516,8
2779,0.10994916,8
2780,0.112369776,8
2781,0.10427188,8
2782,0.075138815,8
2783,0.07302674,8
2784,0.1387439,8
2785,0.072896436,8
2786,0.09671646,8
2787,0.12862478,8
2788,0.1359702,8
2789,0.08831054,8
2790,0.112476364,8
2791,0.12337706,8
2792,0.085611075,8
2793,0.09392224,8
2794,0.08044563,8
2795,0.09205036,8
2796,0.10807327,8
2797,0.09518524,8
2798,0.124049015,8
2799,0.13192765,8
2800,0.115037404,8
2801,0.09652924,8
2802,0.090605,8
2803,0.109945424,8
2804,0.070437096,8
2805,0.11234778,8
2806,0.15137684,8
2807,0.091256365,8
2808,0.07856647,8
2809,0.18716468,8
2810,0.119722776,8
2811,0.09634517,8
2812,0.10313258,8
2813,0.08985603,8
2814,0.11739607,8
2815,0.11741314,8
2816,0.12613547,8
2817,0.107075706,8
2818,0.11434585,8
2819,0.13477267,8
2820,0.116687305,8
2821,0.08043753,8
2822,0.10364828,8
2823,0.09568543,8
2824,0.09918743,8
2825,0.09938431,8
2826,0.075095795,8
2827,0.12114505,8
2828,0.08497509,8
2829,0.09907808,8
2830,0.0741313,8
2831,0.073389105,8
2832,0.12707388,8
2833,0.11282628,8
2834,0.108265646,8
2835,0.10828919,8
2836,0.06024455,8
2837,0.13191223,8
2838,0.10808497,8
2839,0.10713816,8
2840,0.07225779,8
2841,0.09602484,8
2842,0.08624749,8
2843,0.13300635,8
2844,0.108432174,8
2845,0.11496683,8
2846,0.09954208,8
2847,0.11970152,8
2848,0.09094957,8
2849,0.10014799,8
2850,0.09195485,8
2851,0.07625237,8
2852,0.10713491,8
2853,0.12464508,8
2854,0.08971055,8
2855,0.08001488,8
2856,0.09448221,8
2857,0.12006687,8
2858,0.0939866,8
2859,0.08625226,8
2860,0.08180969,8
2861,0.09225061,8
2862,0.09431941,8
2863,0.14738144,8
2864,0.10438246,8
2865,0.124487445,8
2866,0.08046031,8
2867,0.086572215,8
2868,0.10629338,8
2869,0.08429896,8
2870,0.12255589,8
2871,0.087858416,8
2872,0.069497466,8
2873,0.083330065,8
2874,0.12959926,8
2875,0.14609054,8
2876,0.12610649,8
2877,0.10572755,8
2878,0.09004856,8
2879,0.10110794,8
2880,0.090343654,8
2881,0.10193847,8
2882,0.103117645,8
2883,0.14215632,8
2884,0.13156481,8
2885,0.10426245,8
2886,0.11961758,8
2887,0.114214055,8
2888,0.12295246,8
2889,0.10623357,8
2890,0.08045783,8
2891,0.07460591,8
2892,0.09457918,8
2893,0.08864564,8
2894,0.12499692,8
2895,0.087880954,8
2896,0.13770029,8
2897,0.10441306,8
2898,0.11880905,8
2899,0.08024185,8
2900,0.08740474,8
2901,0.061433718,8
2902,0.11292029,8
2903,0.08318309,8
2904,0.07000345,8
2905,0.16021678,8
2906,0.09909953,8
2907,0.15505087,8
2908,0.09138054,8
2909,0.07871349,8
2910,0.09594418,8
2911,0.11892715,8
2912,0.09736269,8
2913,0.1292124,8
2914,0.060152702,8
2915,0.13417777,8
2916,0.077307746,8
2917,0.105621696,8
2918,0.10097888,8
2919,0.096631035,8
2920,0.097099766,8
2921,0.09202214,8
2922,0.10406304,8
2923,0.13250074,8
2924,0.07947002,8
2925,0.084046505,8
2926,0.10410885,8
2927,0.103393875,8
2928,0.088191286,8
2929,0.08748511,8
2930,0.09143054,8
2931,0.15895742,8
2932,0.0796281,8
2933,0.086034104,8
2934,0.11190785,8
2935,0.09507115,8
2936,0.09004952,8
2937,0.12545095,8
2938,0.08014496,8
2939,0.14750451,8
2940,0.09627205,8
2941,0.08504931,8
2942,0.08536548,8
2943,0.06838061,8
2944,0.117405824,8
2945,0.0949077,8
2946,0.104796074,8
2947,0.09566291,8
2948,0.13784756,8
2949,0.09605533,8
2950,0.14992337,8
2951,0.104499824,8
2952,0.12601247,8
2953,0.08996577,8
2954,0.122246236,8
2955,0.13548715,8
2956,0.09400346,8
2957,0.09994147,8
2958,0.10471516,8
2959,0.10534324,8
2960,0.10366229,8
2961,0.10730382,8
2962,0.09829486,8
2963,0.11956249,8
2964,0.11573659,8
2965,0.09704278,8
2966,0.07767307,8
2967,0.08504874,8
2968,0.10087305,8
2969,0.099391475,8
2970,0.11384219,8
2971,0.14897037,8
2972,0.12810738,8
2973,0.07889517,8
2974,0.07788042,8
2975,0.1100302,8
2976,0.16701907,8
2977,0.08638623,8
2978,0.078459166,8
2979,0.08711166,8
2980,0.09992507,8
2981,0.08031453,8
2982,0.07171155,8
2983,0.092321284,8
2984,0.06664149,8
2985,0.08546335,8
2986,0.13958184,8
2987,0.079276495,8
2988,0.0895754,8
2989,0.09061889,8
2990,0.13624942,8
2991,0.085757166,8
2992,0.10231656,8
2993,0.14699349,8
2994,0.07609539,8
2995,0.08899563,8
2996,0.070901096,8
2997,0.10692915,8
2998,0.08557847,8
2999,0.06761875,8
3000,0.064079694,8
3001,0.09844163,8
3002,0.08094528,8
3003,0.069717035,8
3004,0.06600838,8
3005,0.120778,8
3006,0.118325934,8
3007,0.13777305,8
3008,0.11916489,8
3009,0.097390786,8
3010,0.1845952,8
3011,0.117687136,8
3012,0.07868848,8
3013,0.11475583,8
3014,0.09834643,8
3015,0.104727596,8
3016,0.1185389,8
3017,0.101360865,8
3018,0.09781258,8
3019,0.09914446,8
3020,0.10224902,8
3021,0.08638736,8
3022,0.112524584,8
3023,0.1032219,8
3024,0.12267852,8
3025,0.1049696,8
3026,0.11589808,8
3027,0.10309508,8
3028,0.11257012,8
3029,0.09881436,8
3030,0.08564418,8
3031,0.121451184,8
3032,0.06384305,8
3033,0.099596135,8
3034,0.14460911,8
3035,0.060306445,8
3036,0.11749935,8
3037,0.105576225,8
3038,0.10472803,8
3039,0.13683029,8
3040,0.09994327,8
3041,0.066402785,8
3042,0.08498983,8
3043,0.102286145,8
3044,0.10310714,8
3045,0.120079555,8
3046,0.1325575,8
3047,0.13188313,8
3048,0.085815415,8
3049,0.10568434,8
3050,0.09104575,8
3051,0.10564479,8
3052,0.100678176,8
3053,0.08289619,8
3054,0.105772465,8
3055,0.079134785,8
3056,0.10989111,8
3057,0.10243886,8
3058,0.11919298,8
3059,0.06702198,8
3060,0.12758309,8
3061,0.09422445,8
3062,0.12889148,8
3063,0.079767816,8
3064,0.08047531,8
3065,0.10075654,8
3066,0.09092719,8
3067,0.073300906,8
3068,0.14968902,8
3069,0.08896928,8
3070,0.112596326,8
3071,0.119258575,8
3072,0.09437983,8
3073,0.06825044,8
3074,0.13545142,8
3075,0.09199422,8
3076,0.1342544,8
3077,0.08989139,8
3078,0.09582092,8
3079,0.112611115,8
3080,0.08156006,8
3081,0.104516335,8
3082,0.10612402,8
3083,0.120353185,8
3084,0.10524706,8
3085,0.087623954,8
3086,0.12527649,8
3087,0.11815763,8
3088,0.14076188,8
3089,0.09449592,8
3090,0.13693352,8
3091,0.11685068,8
3092,0.122724734,8
3093,0.11227999,8
3094,0.077374704,8
3095,0.1107423,8
3096,0.08273006,8
3097,0.091533035,8
3098,0.10976177,8
3099,0.08320203,8
3100,0.08736131,8
3101,0.1501594,8
3102,0.13674611,8
3103,0.086266294,8
3104,0.08584105,8
3105,0.07912812,8
3106,0.07287176,8
3107,0.10131512,8
3108,0.12881888,8
3109,0.13143031,8
3110,0.12469022,8
3111,0.097930215,8
3112,0.09857626,8
3113,0.12646566,8
3114,0.080102935,8
3115,0.08742219,8
3116,0.121679194,8
3117,0.069389656,8
3118,0.09283565,8
3119,0.08472924,8
3120,0.14663158,8
3121,0.073178984,8
3122,0.11927826,8
3123,0.065513566,8
3124,0.08782626,8
3125,0.09544306,8
3126,0.12852149,8
3127,0.086409025,8
3128,0.08471503,8
3129,0.10266024,8
3130,0.11677082,8
3131,0.06118006,8
3132,0.14503308,8
3133,0.091369115,8
3134,0.068161,8
3135,0.08915392,8
3136,0.09712712,8
3137,0.07976296,8
3138,0.121037014,8
3139,0.09365236,8
3140,0.085807785,8
3141,0.11089003,8
3142,0.12804218,8
3143,0.057046555,8
3144,0.070644915,8
3145,0.07803565,8
3146,0.05340788,8
3147,0.09787008,8
3148,0.07503531,8
3149,0.099552535,8
3150,0.06786211,8
3151,0.07787743,8
3152,0.09360494,8
3153,0.07289956,8
3154,0.13849875,8
3155,0.14734337,8
3156,0.14579801,8
3157,0.12464344,8
3158,0.078316174,8
3159,0.10203929,8
3160,0.108770385,8
3161,0.13869801,8
3162,0.10739325,8
3163,0.09880238,8
3164,0.11654362,8
3165,0.084173426,8
3166,0.090703055,8
3167,0.096889354,8
3168,0.11877738,8
3169,0.07792057,8
3170,0.087249756,8
3171,0.070905305,8
3172,0.13188244,8
3173,0.096872255,8
3174,0.09306131,8
3175,0.09890313,8
3176,0.08478482,8
3177,0.081559055,8
3178,0.08400746,8
3179,0.093420945,8
3180,0.095364615,8
3181,0.07687232,8
3182,0.0909281,8
3183,0.06854739,8
3184,0.08004385,8
3185,0.093553975,8
3186,0.21846361,8
3187,0.07667463,8
3188,0.09835233,8
3189,0.11999539,8
3190,0.12825578,8
3191,0.10270385,8
3192,0.10992233,8
3193,0.11201534,8
3194,0.11720816,8
3195,0.12134068,8
3196,0.11581884,8
3197,0.12762693,8
3198,0.096065216,8
3199,0.10928188,8
3200,0.113055736,8
3201,0.13412298,8
3202,0.09072166,8
3203,0.081409805,8
3204,0.074633025,8
3205,0.06036718,8
3206,0.1037166,8
3207,0.06922494,8
3208,0.19614619,8
3209,0.14858833,8
3210,0.07677737,8
3211,0.15099643,8
3212,0.11234108,8
3213,0.13074613,8
3214,0.13216938,8
3215,0.13250048,8
3216,0.10519212,8
3217,0.093032636,8
3218,0.11505068,8
3219,0.115506314,8
3220,0.11829432,8
3221,0.10735678,8
3222,0.11778567,8
3223,0.091654636,8
3224,0.094195135,8
3225,0.1618858,8
3226,0.10569936,8
3227,0.11604013,8
3228,0.10239479,8
3229,0.10410245,8
3230,0.089396305,8
3231,0.07697409,8
3232,0.12582149,8
3233,0.09122626,8
3234,0.07376797,8
3235,0.091577336,8
3236,0.13228408,8
3237,0.08485485,8
3238,0.105188236,8
3239,0.09202617,8
3240,0.091549404,8
3241,0.100312814,8
3242,0.09933733,8
3243,0.092107475,8
3244,0.09436382,8
3245,0.10467716,8
3246,0.08040323,8
3247,0.11725978,8
3248,0.10781799,8
3249,0.1588431,8
3250,0.13038099,8
3251,0.09554004,8
3252,0.10872872,8
3253,0.12105861,8
3254,0.09384641,8
3255,0.10154001,8
3256,0.0928777,8
3257,0.0905187,8
3258,0.118011266,8
3259,0.07830783,8
3260,0.12453078,8
3261,0.056369286,8
3262,0.14596549,8
3263,0.11537243,8
3264,0.07691258,8
3265,0.09944369,8
3266,0.073749885,8
3267,0.11935737,8
3268,0.11371675,8
3269,0.07664257,8
3270,0.08458356,8
3271,0.063696705,8
3272,0.10753568,8
3273,0.07328061,8
3274,0.109890066,8
3275,0.08178371,8
3276,0.08899591,8
3277,0.1041158,8
3278,0.089310125,8
3279,0.14339364,8
3280,0.073023446,8
3281,0.06617239,8
3282,0.090029515,8
3283,0.11146287,8
3284,0.070352875,8
3285,0.08481688,8
3286,0.08863593,8
3287,0.09809181,8
3288,0.11837611,8
3289,0.10207435,8
3290,0.10537071,8
3291,0.12801711,8
3292,0.10746853,8
3293,0.0917471,8
3294,0.098465435,8
3295,0.09548655,8
3296,0.07914521,8
3297,0.092454225,8
3298,0.10446676,8
3299,0.08098373,8
3300,0.079586856,8
3301,0.06560911,8
3302,0.0880549,8
3303,0.11058304,8
3304,0.103462875,8
3305,0.07208142,8
3306,0.052863967,8
3307,0.11134186,8
3308,0.06836148,8
3309,0.11620823,8
3310,0.10524119,8
3311,0.07770493,8
3312,0.086868905,8
3313,0.07258797,8
3314,0.105453394,8
3315,0.107673295,8
3316,0.070344105,8
3317,0.07825379,8
3318,0.08550328,8
3319,0.09759419,8
3320,0.086265944,8
3321,0.12410351,8
3322,0.15440655,8
3323,0.10076443,8
3324,0.09167317,8
3325,0.1029745,8
3326,0.12079722,8
3327,0.11840912,8
3328,0.08841178,8
3329,0.11492198,8
3330,0.096208416,8
3331,0.09908298,8
3332,0.084043495,8
3333,0.10015575,8
3334,0.1098542,8
3335,0.07231526,8
3336,0.11707441,8
3337,0.089383185,8
3338,0.07336989,8
3339,0.15393469,8
3340,0.10743977,8
3341,0.11190972,8
3342,0.09018209,8
3343,0.078126006,8
3344,0.12885007,8
3345,0.083495855,8
3346,0.10201565,8
3347,0.0622059,8
3348,0.08974969,8
3349,0.06026985,8
3350,0.07929549,8
3351,0.110702954,8
3352,0.118847616,8
3353,0.1408694,8
3354,0.13101389,8
3355,0.10139115,8
3356,0.1237359,8
3357,0.09921536,8
3358,0.1025524,8
3359,0.08504404,8
3360,0.11071572,8
3361,0.091369495,8
3362,0.11122535,8
3363,0.10056276,8
3364,0.09221278,8
3365,0.10732101,8
3366,0.078572534,8
3367,0.09058043,8
3368,0.109272026,8
3369,0.07040209,8
3370,0.1031235,8
3371,0.08204183,8
3372,0.08523349,8
3373,0.10000885,8
3374,0.08985308,8
3375,0.15509304,8
3376,0.10744952,8
3377,0.08927401,8
3378,0.09794224,8
3379,0.12101527,8
3380,0.18739127,8
3381,0.14009282,8
3382,0.083798006,8
3383,0.10432643,8
3384,0.06818416,8
3385,0.14231399,8
3386,0.19909257,8
3387,0.13554099,8
3388,0.15697698,8
3389,0.07093656,8
3390,0.14263687,8
3391,0.11126374,8
3392,0.11278425,8
3393,0.09337918,8
3394,0.11759201,8
3395,0.12513012,8
3396,0.07287826,8
3397,0.10262528,8
3398,0.13101806,8
3399,0.09199175,8
3400,0.0863352,8
3401,0.07541664,8
3402,0.10434323,8
3403,0.11578936,8
3404,0.16091691,8
3405,0.101114295,8
3406,0.14106722,8
3407,0.14169781,8
3408,0.104844056,8
3409,0.12336771,8
3410,0.12445907,8
3411,0.105367936,8
3412,0.10193681,8
3413,0.085484035,8
3414,0.1370627,8
3415,0.11982576,8
3416,0.13334486,8
3417,0.07323777,8
3418,0.12260784,8
3419,0.13122706,8
3420,0.0842025,8
3421,0.10409554,8
3422,0.104313575,8
3423,0.09975921,8
3424,0.081409946,8
3425,0.14520694,8
3426,0.10783382,8
3427,0.080973014,8
3428,0.123311676,8
3429,0.07445542,8
3430,0.12526491,8
3431,0.074446924,8
3432,0.10894911,8
3433,0.067927994,8
3434,0.07671108,8
3435,0.05982522,8
3436,0.12175921,8
3437,0.10026916,8
3438,0.07451777,8
3439,0.10853864,8
3440,0.11905739,8
3441,0.09203479,8
3442,0.08934462,8
3443,0.11689486,8
3444,0.11130791,8
3445,0.08302652,8
3446,0.10101785,8
3447,0.09048939,8
3448,0.08225332,8
3449,0.11745308,8
3450,0.11125002,8
3451,0.11290074,8
3452,0.08319761,8
3453,0.13613556,8
3454,0.10577359,8
3455,0.0922447,8
3456,0.11502095,8
3457,0.12858802,8
3458,0.09496764,8
3459,0.117460035,8
3460,0.11444095,8
3461,0.11676899,8
3462,0.11332234,8
3463,0.10972691,8
3464,0.09647362,8
3465,0.104674235,8
3466,0.09459442,8
3467,0.108355165,8
3468,0.07472415,8
3469,0.111377604,8
3470,0.13361534,8
3471,0.1151475,8
3472,0.113274455,8
3473,0.1198576,8
3474,0.062462956,8
3475,0.07528056,8
3476,0.08343434,8
3477,0.07840071,8
3478,0.13781767,8
3479,0.09058368,8
3480,0.11487809,8
3481,0.106737,8
3482,0.1070285,8
3483,0.13614526,8
3484,0.07532028,8
3485,0.10677648,8
3486,0.112277575,8
3487,0.09376264,8
3488,0.11398629,8
3489,0.09179908,8
3490,0.08770337,8
3491,0.12675059,8
3492,0.12728922,8
3493,0.09920029,8
3494,0.12033741,8
3495,0.09842729,8
3496,0.109477125,8
3497,0.107099265,8
3498,0.13415095,8
3499,0.10543456,8
3500,0.091726884,8
3501,0.09758194,8
3502,0.09117258,8
3503,0.079709,8
3504,0.07269681,8
3505,0.1001826,8
3506,0.11129717,8
3507,0.06709106,8
3508,0.1091586,8
3509,0.08451612,8
3510,0.11421638,8
3511,0.09645323,8
3512,0.09968014,8
3513,0.059774727,8
3514,0.10920982,8
3515,0.07560596,8
3516,0.13917056,8
3517,0.16458447,8
3518,0.10672857,8
3519,0.084285855,8
3520,0.11416033,8
3521,0.10501683,8
3522,0.08278762,8
3523,0.10424969,8
3524,0.15689126,8
3525,0.081803486,8
3526,0.10954122,8
3527,0.13826649,8
3528,0.086950675,8
3529,0.09587839,8
3530,0.09523344,8
3531,0.06992601,8
3532,0.12096553,8
3533,0.095290765,8
3534,0.10803383,8
3535,0.08477608,8
3536,0.12653625,8
3537,0.10016944,8
3538,0.10040309,8
3539,0.07150237,8
3540,0.10051691,8
3541,0.074050955,8
3542,0.105310075,8
3543,0.06910074,8
3544,0.08549999,8
3545,0.09155667,8
3546,0.09584963,8
3547,0.111849524,8
3548,0.123099,8
3549,0.098799855,8
3550,0.09119353,8
3551,0.09129378,8
3552,0.09778094,8
3553,0.09902483,8
3554,0.10427002,8
3555,0.112249404,8
3556,0.074469574,8
3557,0.1242572,8
3558,0.10657616,8
3559,0.08647912,8
3560,0.06941156,8
3561,0.08060407,8
3562,0.07313693,8
3563,0.10136517,8
3564,0.08963021,8
3565,0.10983768,8
3566,0.087881625,8
3567,0.09114378,8
3568,0.09894443,8
3569,0.10475528,8
3570,0.1364333,8
3571,0.08768097,8
3572,0.09478372,8
3573,0.13936935,8
3574,0.07799761,8
3575,0.10110298,8
3576,0.09334665,8
3577,0.08034108,8
3578,0.08875373,8
3579,0.1324944,8
3580,0.0813845,8
3581,0.09499543,8
3582,0.098143175,8
3583,0.09299016,8
3584,0.061121386,8
3585,0.07190457,8
3586,0.0818095,8
3587,0.089149445,8
3588,0.08535769,8
3589,0.08459045,8
3590,0.10660901,8
3591,0.06958104,8
3592,0.09658273,8
3593,0.08962979,8
3594,0.14663242,8
3595,0.07306958,8
3596,0.11486316,8
3597,0.10039867,8
3598,0.10512372,8
3599,0.108417936,8
3600,0.086570695,8
3601,0.13494013,8
3602,0.089024626,8
3603,0.10712046,8
3604,0.092022344,8
3605,0.10996346,8
3606,0.078166455,8
3607,0.07663817,8
3608,0.10245726,8
3609,0.14477623,8
3610,0.12942082,8
3611,0.08745634,8
3612,0.112417616,8
3613,0.09500264,8
3614,0.09185518,8
3615,0.10943058,8
3616,0.13535659,8
3617,0.10039502,8
3618,0.08540068,8
3619,0.09341206,8
3620,0.09348512,8
3621,0.07650751,8
3622,0.065896936,8
3623,0.10642473,8
3624,0.109651536,8
3625,0.10453901,8
3626,0.11770089,8
3627,0.1062315,8
3628,0.09920532,8
3629,0.15598677,8
3630,0.1035804,8
3631,0.10354627,8
3632,0.08935658,8
3633,0.07801059,8
3634,0.089557245,8
3635,0.092973836,8
3636,0.114508666,8
3637,0.13851815,8
3638,0.06446359,8
3639,0.14528807,8
3640,0.10165245,8
3641,0.13893159,8
3642,0.11026578,8
3643,0.08932379,8
3644,0.07682108,8
3645,0.08327048,8
3646,0.10141112,8
3647,0.08038942,8
3648,0.09532641,8
3649,0.08645644,8
3650,0.11893655,8
3651,0.06698763,8
3652,0.10787361,8
3653,0.077301055,8
3654,0.057800557,8
3655,0.08451411,8
3656,0.10021497,8
3657,0.118890904,8
3658,0.08529923,8
3659,0.09953254,8
3660,0.072357275,8
3661,0.09071859,8
3662,0.08533141,8
3663,0.07600745,8
3664,0.11866434,8
3665,0.07762133,8
3666,0.099294014,8
3667,0.095636375,8
3668,0.122763604,8
3669,0.1292946,8
3670,0.11974368,8
3671,0.09299931,8
3672,0.09955767,8
3673,0.08581292,8
3674,0.12911524,8
3675,0.090553656,8
3676,0.09626016,8
3677,0.08894106,8
3678,0.10914327,8
3679,0.06924194,8
3680,0.086752124,8
3681,0.100021064,8
3682,0.111405835,8
3683,0.10040126,8
3684,0.096504726,8
3685,0.10808083,8
3686,0.050424434,8
3687,0.10163077,8
3688,0.079746634,8
3689,0.08184404,8
3690,0.117834635,8
3691,0.1058287,8
3692,0.07892396,8
3693,0.082805224,8
3694,0.094435446,8
3695,0.073821776,8
3696,0.15451314,8
3697,0.137117,8
3698,0.13674976,8
3699,0.106067404,8
3700,0.13963348,8
3701,0.108584784,8
3702,0.104018375,8
3703,0.10123793,8
3704,0.12099589,8
3705,0.088288456,8
3706,0.09245124,8
3707,0.096587926,8
3708,0.0843193,8
3709,0.08775874,8
3710,0.097709574,8
3711,0.10603903,8
3712,0.082883656,8
3713,0.088858075,8
3714,0.06705002,8
3715,0.11358927,8
3716,0.06844355,8
3717,0.12199314,8
3718,0.05687858,8
3719,0.08549694,8
3720,0.10545349,8
3721,0.113912135,8
3722,0.11278904,8
3723,0.09854716,8
3724,0.07899547,8
3725,0.07113456,8
3726,0.094438985,8
3727,0.10737814,8
3728,0.09431876,8
3729,0.11980832,8
3730,0.109911025,8
3731,0.09799021,8
3732,0.09514553,8
3733,0.07479693,8
3734,0.09509942,8
3735,0.06413003,8
3736,0.08557964,8
3737,0.10015229,8
3738,0.14281403,8
3739,0.08254087,8
3740,0.11107895,8
3741,0.09112733,8
3742,0.09388617,8
3743,0.10120613,8
3744,0.0648875,8
3745,0.08655106,8
3746,0.10964537,8
3747,0.09989965,8
3748,0.092825055,8
3749,0.077049725,8
3750,0.08764086,8
3751,0.09987483,8
3752,0.08744357,8
3753,0.13532358,8
3754,0.13503009,8
3755,0.09420093,8
3756,0.074590266,8
3757,0.07728237,8
3758,0.06329199,8
3759,0.11226916,8
3760,0.1296674,8
3761,0.07454012,8
3762,0.10658828,8
3763,0.07942295,8
3764,0.11936753,8
3765,0.087706044,8
3766,0.099162735,8
3767,0.09826427,8
3768,0.107741326,8
3769,0.09223435,8
3770,0.07987211,8
3771,0.094415635,8
3772,0.09696546,8
3773,0.097327866,8
3774,0.08438593,8
3775,0.09609088,8
3776,0.103017986,8
3777,0.12711841,8
3778,0.081875026,8
3779,0.06355107,8
3780,0.08016996,8
3781,0.08429783,8
3782,0.09029931,8
3783,0.08989413,8
3784,0.12131751,8
3785,0.08273753,8
3786,0.09654655,8
3787,0.07253517,8
3788,0.08238762,8
3789,0.10020745,8
3790,0.14324272,8
3791,0.076183036,8
3792,0.10000872,8
3793,0.10091574,8
3794,0.08759245,8
3795,0.098107345,8
3796,0.1151736,8
3797,0.12954375,8
3798,0.056481205,8
3799,0.07345747,8
3800,0.12326215,8
3801,0.12427259,8
3802,0.07079469,8
3803,0.13489407,8
3804,0.08613648,8
3805,0.083967924,8
3806,0.12585568,8
3807,0.12260068,8
3808,0.12481245,8
3809,0.0958096,8
3810,0.09251219,8
3811,0.08931889,8
3812,0.07973592,8
3813,0.11242251,8
3814,0.077531,8
3815,0.0887546,8
3816,0.09649452,8
3817,0.082716614,8
3818,0.08384123,8
3819,0.09008437,8
3820,0.09336761,8
3821,0.108885355,8
3822,0.113405734,8
3823,0.08644288,8
3824,0.09366363,8
3825,0.111570954,8
3826,0.068422236,8
3827,0.1250149,8
3828,0.07802962,8
3829,0.13107789,8
3830,0.09509712,8
3831,0.11773526,8
3832,0.098000154,8
3833,0.08820726,8
3834,0.08701312,8
3835,0.06926039,8
3836,0.09883048,8
3837,0.077061415,8
3838,0.106280886,8
3839,0.0729144,8
3840,0.11012015,8
3841,0.08332954,8
3842,0.103480674,8
3843,0.06751497,8
3844,0.102079764,8
3845,0.06421241,8
3846,0.08347414,8
3847,0.10171335,8
3848,0.088868394,8
3849,0.06944227,8
3850,0.12386009,8
3851,0.12473845,8
3852,0.0830318,8
3853,0.081303276,8
3854,0.11462296,8
3855,0.10117694,8
3856,0.11457124,8
3857,0.09449175,8
3858,0.095517576,8
3859,0.12542668,8
3860,0.10979516,8
3861,0.11401351,8
3862,0.12397228,8
3863,0.08525728,8
3864,0.08633821,8
3865,0.11472448,8
3866,0.0830972,8
3867,0.10742158,8
3868,0.12489032,8
3869,0.080992304,8
3870,0.09224629,8
3871,0.07107944,8
3872,0.07819686,8
3873,0.10081093,8
3874,0.12484299,8
3875,0.10804416,8
3876,0.0883594,8
3877,0.123660736,8
3878,0.06307171,8
3879,0.08067714,8
3880,0.08739351,8
3881,0.13288002,8
3882,0.11757545,8
3883,0.09669476,8
3884,0.09552051,8
3885,0.107720904,8
3886,0.08936115,8
3887,0.08911538,8
3888,0.117047295,8
3889,0.09019093,8
3890,0.09249763,8
3891,0.0717038,8
3892,0.1214797,8
3893,0.073991515,8
3894,0.1512212,8
3895,0.082427695,8
3896,0.14314653,8
3897,0.07887052,8
3898,0.11875831,8
3899,0.108983636,8
3900,0.09203681,8
3901,0.07514495,8
3902,0.11027583,8
3903,0.08407162,8
3904,0.108942084,8
3905,0.09466627,8
3906,0.10346338,8
3907,0.09797002,8
3908,0.10925567,8
3909,0.13603191,8
3910,0.11942643,8
3911,0.07286572,8
3912,0.0848413,8
3913,0.07489764,8
3914,0.0739495,8
3915,0.087351345,8
3916,0.079997845,8
3917,0.08985032,8
3918,0.085430644,8
3919,0.07498798,8
3920,0.06880988,8
3921,0.084398896,8
3922,0.09261814,8
3923,0.11983828,8
3924,0.075566515,8
3925,0.076123595,8
3926,0.09839836,8
3927,0.08384399,8
3928,0.05991138,8
3929,0.1260024,8
3930,0.07360934,8
3931,0.121361196,8
3932,0.115638316,8
3933,0.09754323,8
3934,0.08835101,8
3935,0.0873763,8
3936,0.107846625,8
3937,0.10572218,8
3938,0.118448146,8
3939,0.1054239,8
3940,0.10742493,8
3941,0.115767054,8
3942,0.081110924,8
3943,0.08385726,8
3944,0.1274031,8
3945,0.1398134,8
3946,0.09438206,8
3947,0.11140899,8
3948,0.1049025,8
3949,0.0964649,8
3950,0.07375992,8
3951,0.07889934,8
3952,0.10981655,8
3953,0.100421935,8
3954,0.09127018,8
3955,0.087690674,8
3956,0.15436077,8
3957,0.087929145,8
3958,0.07235491,8
3959,0.12632003,8
3960,0.13040362,8
3961,0.08254512,8
3962,0.093614474,8
3963,0.10053337,8
3964,0.08781136,8
3965,0.10812127,8
3966,0.12342264,8
3967,0.09310833,8
3968,0.08287878,8
3969,0.09783249,8
3970,0.09316672,8
3971,0.081300065,8
3972,0.15140818,8
3973,0.06505418,8
3974,0.10720748,8
3975,0.111203186,8
3976,0.092392735,8
3977,0.08534181,8
3978,0.10140273,8
3979,0.15604353,8
3980,0.072095655,8
3981,0.11563406,8
3982,0.07964056,8
3983,0.109391585,8
3984,0.10903182,8
3985,0.061366856,8
3986,0.09373183,8
3987,0.14000583,8
3988,0.11822855,8
3989,0.082306154,8
3990,0.07738336,8
3991,0.08647045,8
3992,0.08033804,8
3993,0.0899059,8
3994,0.121982485,8
3995,0.09703053,8
3996,0.10117967,8
3997,0.12111662,8
3998,0.08675515,8
3999,0.08887899,8
4000,0.083082184,8
4001,0.098452814,8
4002,0.112499125,8
4003,0.09836731,8
4004,0.0782422,8
4005,0.08892409,8
4006,0.07821859,8
4007,0.10293094,8
4008,0.07260984,8
4009,0.067749016,8
4010,0.090765044,8
4011,0.08788037,8
4012,0.06913541,8
4013,0.071106054,8
4014,0.08873245,8
4015,0.07379814,8
4016,0.084926546,8
4017,0.10253777,8
4018,0.101344064,8
4019,0.0863816,8
4020,0.115349345,8
4021,0.056006957,8
4022,0.11698425,8
4023,0.08624233,8
4024,0.14346553,8
4025,0.09543206,8
4026,0.10247408,8
4027,0.095453136,8
4028,0.07500916,8
4029,0.08902165,8
4030,0.08274841,8
4031,0.13074626,8
4032,0.113963336,8
4033,0.10756044,8
4034,0.1091147,8
4035,0.10491369,8
4036,0.08812967,8
4037,0.105269596,8
4038,0.07672513,8
4039,0.10690836,8
4040,0.099734575,8
4041,0.0685571,8
4042,0.13037883,8
4043,0.105664164,8
4044,0.07070824,8
4045,0.13633789,8
4046,0.08204991,8
4047,0.10981463,8
4048,0.108332776,8
4049,0.07308086,8
4050,0.1298412,8
4051,0.0826453,8
4052,0.1090627,8
4053,0.077356264,8
4054,0.08411356,8
4055,0.080094144,8
4056,0.15346809,8
4057,0.06578481,8
4058,0.06180979,8
4059,0.11094143,8
4060,0.088455886,8
4061,0.11256658,8
4062,0.084506385,8
4063,0.12692602,8
4064,0.096447244,8
4065,0.08718388,8
4066,0.063388474,8
4067,0.09772547,8
4068,0.13013348,8
4069,0.121981,8
4070,0.13288431,8
4071,0.12047695,8
4072,0.08858323,8
4073,0.07555084,8
